StationCode,SamplingPoint,"""Countrycode",Timezone,Namespace,AirQualityNetwork,AirQualityStation,AirQualityStationEoICode,AirQualityStationNatCode,SamplingProces,Sample,AirPollutantCode,ObservationDateBegin,ObservationDateEnd,Projection,Longitude,Latitude,Altitude,MeasurementType,AirQualityStationType,AirQualityStationArea,EquivalenceDemonstrated,MeasurementEquipment,InletHeight,BuildingDistance,"KerbDistance""",Air Quality Station Name
FI_5_15458,SPO-FI00356_00005_100,"""FI",http://dd.eionet.europa.eu/vocabulary/aq/timezone/UTC+02,FI.FMI.AQ,NET-FI002A,STA-FI00356,FI00356,356,SPP-FI_A_BETA_thermo5030SHARP,SPO_F-FI00356_00005_100_100,http://dd.eionet.europa.eu/vocabulary/aq/pollutant/5,2011-01-01T00:00:00,,EPSG:4979,24.112330000000004,67.96714999962705,566.0,automatic,background,rural,http://dd.eionet.europa.eu/vocabulary/aq/measurementequipment/thermo5030SHARP,5,-999,"-999""",,Sammaltunturi
FI_5_15476,SPO-FI00080_00005_100,"""FI",http://dd.eionet.europa.eu/vocabulary/aq/timezone/UTC+02,FI.FMI.AQ,NET-FI020A,STA-FI00080,FI00080,80,SPP-FI_A_1119_21_5,SPO_F-FI00080_00005_100_100,http://dd.eionet.europa.eu/vocabulary/aq/pollutant/5,2017-11-08T00:00:00,2018-01-01T00:00:00,EPSG:4979,28.873690000000003,61.238069999547584,101.0,automatic,industrial,suburban,inprogress,http://dd.eionet.europa.eu/vocabulary/aq/measurementequipment/TEOM1405,4,1,"20""",Rautionkylä
FI_5_15487,SPO-FI00425_00005_100,"""FI",http://dd.eionet.europa.eu/vocabulary/aq/timezone/UTC+02,FI.FMI.AQ,NET-FI004A,STA-FI00425,FI00425,425,SPP-FI_A_1413_7_5,SPO_F-FI00425_00005_100_100,http://dd.eionet.europa.eu/vocabulary/aq/pollutant/5,2018-01-25T00:00:00,,EPSG:4979,24.9506,60.18738999953731,18.0,automatic,background,urban,yes,http://dd.eionet.europa.eu/vocabulary/aq/measurementequipment/TEOM1405,4,-999,"65""",Kallio 2
FI_5_15489,SPO-FI00179_00005_100,"""FI",http://dd.eionet.europa.eu/vocabulary/aq/timezone/UTC+02,FI.FMI.AQ,NET-FI026A,STA-FI00179,FI00179,179,SPP-FI_A_1425_31_5,SPO_F-FI00179_00005_100_100,http://dd.eionet.europa.eu/vocabulary/aq/pollutant/5,2017-01-01T00:00:00,2022-04-07T00:00:00,EPSG:4979,22.14306,61.331639999548514,39.0,automatic,industrial,suburban,yes,http://dd.eionet.europa.eu/vocabulary/aq/measurementequipment/TEOM1400A,4,6,"100""",Pirkkala
FI_5_15501,SPO-FI00184_00005_100,"""FI",http://dd.eionet.europa.eu/vocabulary/aq/timezone/UTC+02,FI.FMI.AQ,NET-FI026A,STA-FI00184,FI00184,184,SPP-FI_N_IC_00655,SPO_F-FI00184_00005_100_100,http://dd.eionet.europa.eu/vocabulary/aq/pollutant/5,EPSG:4979,,,22.1369,61.314499999548346,37.0,active,industrial,suburban,4,10,"500""",,,Kaleva
FI_5_15505,SPO-FI00564_00005_100,"""FI",http://dd.eionet.europa.eu/vocabulary/aq/timezone/UTC+02,FI.FMI.AQ,NET-FI004A,STA-FI00564,FI00564,564,SPP-FI_A_45_7_5,SPO_F-FI00564_00005_100_100,http://dd.eionet.europa.eu/vocabulary/aq/pollutant/5,2005-01-04T00:00:00,2017-01-01T00:00:00,EPSG:4979,24.93924,60.16963999953714,7.0,automatic,traffic,urban,yes,http://dd.eionet.europa.eu/vocabulary/aq/measurementequipment/andersenFH62IR,4,6,"3""",Mannerheimintie
FI_5_15512,SPO-FI00455_00005_100,"""FI",http://dd.eionet.europa.eu/vocabulary/aq/timezone/UTC+02,FI.FMI.AQ,NET-FI012A,STA-FI00455,FI00455,455,SPP-FI_N_IC_00655,SPO_F-FI00455_00005_100_100,http://dd.eionet.europa.eu/vocabulary/aq/pollutant/5,EPSG:4979,,,25.65489,60.96703999954487,85.0,active,traffic,suburban,4,31,"30""",,,Laune
FI_5_15531,SPO-FI00431_00005_100,"""FI",http://dd.eionet.europa.eu/vocabulary/aq/timezone/UTC+02,FI.FMI.AQ,NET-FI011A,STA-FI00431,FI00431,431,SPP-FI_A_1606_23_5,SPO_F-FI00431_00005_100_100,http://dd.eionet.europa.eu/vocabulary/aq/pollutant/5,2020-01-01T00:00:00,2022-01-13T00:00:00,EPSG:4979,25.71114,62.289909999558496,143.0,automatic,background,suburban,yes,http://dd.eionet.europa.eu/vocabulary/aq/measurementequipment/FIDAS200S,4,-999,"150""",Palokka 2
FI_5_15549,SPO-FI00511_00005_100,"""FI",http://dd.eionet.europa.eu/vocabulary/aq/timezone/UTC+02,FI.FMI.AQ,NET-FI032A,STA-FI00511,FI00511,511,SPP-FI_A_1596_37_5,SPO_F-FI00511_00005_100_100,http://dd.eionet.europa.eu/vocabulary/aq/pollutant/5,2020-06-12T00:00:00,2021-01-01T00:00:00,EPSG:4979,29.763400000000004,62.59908999956178,80.0,automatic,background,urban,inprogress,http://dd.eionet.europa.eu/vocabulary/aq/measurementequipment/FIDAS200E,6,-999,"35""",Koskikatu 1
FI_5_15554,SPO-FI00378_00005_100,"""FI",http://dd.eionet.europa.eu/vocabulary/aq/timezone/UTC+02,FI.FMI.AQ,NET-FI020A,STA-FI00378,FI00378,378,SPP-FI_A_1416_21_5,SPO_F-FI00378_00005_100_100,http://dd.eionet.europa.eu/vocabulary/aq/pollutant/5,2018-01-01T00:00:00,,EPSG:4979,28.26409,61.071939999545926,105.0,automatic,traffic,suburban,yes,http://dd.eionet.europa.eu/vocabulary/aq/measurementequipment/TEOM1400A,4,1,"50""",Lauritsala
FI_5_15557,SPO-FI00301_00005_100,"""FI",http://dd.eionet.europa.eu/vocabulary/aq/timezone/UTC+02,FI.FMI.AQ,NET-FI006A,STA-FI00301,FI00301,301,SPP-FI_A_TEOM_TEOM1400,SPO_F-FI00301_00005_100_100,http://dd.eionet.europa.eu/vocabulary/aq/pollutant/5,1991-02-01T00:00:00,,EPSG:4979,25.4979,65.04337999958949,18.0,automatic,background,suburban,http://dd.eionet.europa.eu/vocabulary/aq/measurementequipment/TEOM1400,4,-999,"-999""",,Pyykösjärvi
FI_5_15578,SPO-FI00893_00005_100,"""FI",http://dd.eionet.europa.eu/vocabulary/aq/timezone/UTC+02,FI.FMI.AQ,NET-FI002A,STA-FI00893,FI00893,893,SPP-FI_A_1488_1_5,SPO_F-FI00893_00005_100_100,http://dd.eionet.europa.eu/vocabulary/aq/pollutant/5,2017-01-01T00:00:00,2020-10-19T00:00:00,EPSG:4979,27.675400000000003,60.53001999954058,4.0,automatic,background,rural,yes,http://dd.eionet.europa.eu/vocabulary/aq/measurementequipment/thermo5030SHARP,5,-999,"-999""",Virolahti 2
FI_5_15584,SPO-FI00558_00005_100,"""FI",http://dd.eionet.europa.eu/vocabulary/aq/timezone/UTC+02,FI.FMI.AQ,NET-FI016A,STA-FI00558,FI00558,558,SPP-FI_A_TEOM_TEOM1400A,SPO_F-FI00558_00005_100_100,http://dd.eionet.europa.eu/vocabulary/aq/pollutant/5,2006-03-07T00:00:00,,EPSG:4979,27.686879999999995,62.89333999956501,87.0,automatic,traffic,urban,http://dd.eionet.europa.eu/vocabulary/aq/measurementequipment/TEOM1400A,4,8,"35""",,Maaherrankatu
FI_5_15609,SPO-FI00446_00005_100,"""FI",http://dd.eionet.europa.eu/vocabulary/aq/timezone/UTC+02,FI.FMI.AQ,NET-FI006A,STA-FI00446,FI00446,446,SPP-FI_A_1440_22_5,SPO_F-FI00446_00005_100_100,http://dd.eionet.europa.eu/vocabulary/aq/pollutant/5,2017-01-01T00:00:00,,EPSG:4979,25.47132,65.00996999958907,5.0,automatic,traffic,urban,yes,http://dd.eionet.europa.eu/vocabulary/aq/measurementequipment/TEOM1405,4,7,"5""",Oulun keskusta 2
FI_5_15614,SPO-FI00606_00005_100,"""FI",http://dd.eionet.europa.eu/vocabulary/aq/timezone/UTC+02,FI.FMI.AQ,NET-FI020A,STA-FI00606,FI00606,606,SPP-FI_A_293_21_5,SPO_F-FI00606_00005_100_100,http://dd.eionet.europa.eu/vocabulary/aq/pollutant/5,2016-12-23T00:00:00,2018-01-01T00:00:00,EPSG:4979,28.18431,61.05575999954576,106.0,automatic,traffic,urban,yes,http://dd.eionet.europa.eu/vocabulary/aq/measurementequipment/TEOM1400A,3.5,1,"4""",Lappeenrannan keskusta 4
FI_5_15624,SPO-FI00438_00005_100,"""FI",http://dd.eionet.europa.eu/vocabulary/aq/timezone/UTC+02,FI.FMI.AQ,NET-FI015A,STA-FI00438,FI00438,438,SPP-FI_A_187_15_5,SPO_F-FI00438_00005_100_100,http://dd.eionet.europa.eu/vocabulary/aq/pollutant/5,2001-10-01T00:00:00,2019-01-01T00:00:00,EPSG:4979,26.94621,60.51315999954043,6.0,automatic,industrial,suburban,inprogress,http://dd.eionet.europa.eu/vocabulary/aq/measurementequipment/andersenFH62IR,4,-999,"6""",Rauhala
FI_5_15630,SPO-FI00838_00005_100,"""FI",http://dd.eionet.europa.eu/vocabulary/aq/timezone/UTC+02,FI.FMI.AQ,NET-FI003A,STA-FI00838,FI00838,838,SPP-FI_N_IC_00655,SPO_F-FI00838_00005_100_100,http://dd.eionet.europa.eu/vocabulary/aq/pollutant/5,EPSG:4979,,,23.67583,61.50853999955034,100.0,active,traffic,suburban,4,12,"8""",,,Epila 2
FI_5_15643,SPO-FI00839_00005_100,"""FI",http://dd.eionet.europa.eu/vocabulary/aq/timezone/UTC+02,FI.FMI.AQ,NET-FI016A,STA-FI00839,FI00839,839,SPP-FI_A_TEOM_TEOM1400A,SPO_F-FI00839_00005_100_100,http://dd.eionet.europa.eu/vocabulary/aq/pollutant/5,2009-12-21T00:00:00,,EPSG:4979,27.66193,62.88197999956488,107.0,automatic,traffic,urban,http://dd.eionet.europa.eu/vocabulary/aq/measurementequipment/TEOM1400A,4,3,"15""",,Tasavallankatu
FI_5_15649,SPO-FI00404_00005_100,"""FI",http://dd.eionet.europa.eu/vocabulary/aq/timezone/UTC+02,FI.FMI.AQ,NET-FI022A,STA-FI00404,FI00404,404,SPP-FI_N_IC_00655,SPO_F-FI00404_00005_100_101,http://dd.eionet.europa.eu/vocabulary/aq/pollutant/5,EPSG:4979,,,23.1316,63.83763999957559,10.0,active,traffic,urban,4,0.3,"15""",,,Keskusta Pitkänsillankatu
FI_5_15677,SPO-FI00546_00005_100,"""FI",http://dd.eionet.europa.eu/vocabulary/aq/timezone/UTC+02,FI.FMI.AQ,NET-FI017A,STA-FI00546,FI00546,546,SPP-FI_A_458_42_5,SPO_F-FI00546_00005_100_100,http://dd.eionet.europa.eu/vocabulary/aq/pollutant/5,2014-01-03T00:00:00,2016-01-05T00:00:00,EPSG:4979,27.273340000000005,61.68635999955217,89.0,automatic,traffic,urban,inprogress,http://dd.eionet.europa.eu/vocabulary/aq/measurementequipment/TEOM1400A,3.5,5,"5""",Porrassalmenkatu
FI_5_15691,SPO-FI00570_00005_100,"""FI",http://dd.eionet.europa.eu/vocabulary/aq/timezone/UTC+02,FI.FMI.AQ,NET-FI001A,STA-FI00570,FI00570,570,SPP-FI_A_519_36_5,SPO_F-FI00570_00005_100_100,http://dd.eionet.europa.eu/vocabulary/aq/pollutant/5,2005-01-01T00:00:00,2017-01-01T00:00:00,EPSG:4979,24.48162,64.68336999958511,3.0,automatic,traffic,urban,yes,http://dd.eionet.europa.eu/vocabulary/aq/measurementequipment/TEOM1400A,4,10,"4""",Raahen keskusta 2
FI_5_15731,SPO-FI00586_00005_100,"""FI",http://dd.eionet.europa.eu/vocabulary/aq/timezone/UTC+02,FI.FMI.AQ,NET-FI028A,STA-FI00586,FI00586,586,SPP-FI_N_IC_00655,SPO_F-FI00586_00005_100_100,http://dd.eionet.europa.eu/vocabulary/aq/pollutant/5,EPSG:4979,,,21.61267,63.09350999956722,16.0,active,background,urban,5,-999,"81""",,,Vaasa vesitorni
FI_5_15774,SPO-FI00208_00005_101,"""FI",http://dd.eionet.europa.eu/vocabulary/aq/timezone/UTC+02,FI.FMI.AQ,NET-FI004A,STA-FI00208,FI00208,208,SPP-FI_A_1598_7_5,SPO_F-FI00208_00005_101_101,http://dd.eionet.europa.eu/vocabulary/aq/pollutant/5,2021-01-01T00:00:00,,EPSG:4979,24.68486,60.31438999953852,55.0,automatic,background,rural,yes,http://dd.eionet.europa.eu/vocabulary/aq/measurementequipment/FIDAS200,4.5,-999,"800""",Luukki
FI_5_15785,SPO-FI00424_00005_100,"""FI",http://dd.eionet.europa.eu/vocabulary/aq/timezone/UTC+02,FI.FMI.AQ,NET-FI020A,STA-FI00424,FI00424,424,SPP-FI_A_1423_21_5,SPO_F-FI00424_00005_100_100,http://dd.eionet.europa.eu/vocabulary/aq/pollutant/5,2018-01-01T00:00:00,,EPSG:4979,28.77012,61.18891999954708,75.0,automatic,traffic,urban,yes,http://dd.eionet.europa.eu/vocabulary/aq/measurementequipment/TEOM1405,3,1,"100""",Mansikkala
FI_5_15803,SPO-FI00841_00005_100,"""FI",http://dd.eionet.europa.eu/vocabulary/aq/timezone/UTC+02,FI.FMI.AQ,NET-FI004A,STA-FI00841,FI00841,841,SPP-FI_A_1598_7_5,SPO_F-FI00841_00005_100_100,http://dd.eionet.europa.eu/vocabulary/aq/pollutant/5,2021-05-20T00:00:00,,EPSG:4979,24.81133,60.22023999953761,9.0,automatic,traffic,urban,yes,http://dd.eionet.europa.eu/vocabulary/aq/measurementequipment/FIDAS200,4,65,"14""",Leppävaara 4
FI_5_15806,SPO-FI00370_00005_100,"""FI",http://dd.eionet.europa.eu/vocabulary/aq/timezone/UTC+02,FI.FMI.AQ,NET-FI004A,STA-FI00370,FI00370,370,SPP-FI_A_light-scat_GRIMM-EDM180,SPO_F-FI00370_00005_100_101,http://dd.eionet.europa.eu/vocabulary/aq/pollutant/5,2008-12-30T00:00:00,,EPSG:4979,25.03953,60.28994999953828,18.0,automatic,traffic,urban,http://dd.eionet.europa.eu/vocabulary/aq/measurementequipment/GRIMM-EDM180,4,-999,"8""",,Tikkurila 3
FI_5_15839,SPO-FI00283_00005_100,"""FI",http://dd.eionet.europa.eu/vocabulary/aq/timezone/UTC+02,FI.FMI.AQ,NET-FI020A,STA-FI00283,FI00283,283,SPP-FI_A_293_21_5,SPO_F-FI00283_00005_100_100,http://dd.eionet.europa.eu/vocabulary/aq/pollutant/5,2006-10-01T00:00:00,2018-01-01T00:00:00,EPSG:4979,28.1765,61.0408199995456,84.0,automatic,traffic,suburban,yes,http://dd.eionet.europa.eu/vocabulary/aq/measurementequipment/TEOM1400A,4,1,"50""",Ihalainen
FI_5_15853,SPO-FI00781_00005_100,"""FI",http://dd.eionet.europa.eu/vocabulary/aq/timezone/UTC+02,FI.FMI.AQ,NET-FI004A,STA-FI00781,FI00781,781,SPP-FI_N_IC_00655,SPO_F-FI00781_00005_100_100,http://dd.eionet.europa.eu/vocabulary/aq/pollutant/5,EPSG:4979,,,25.10244,60.22392999953766,14.0,active,background,suburban,3,-999,"60""",,,Vartiokylä Huivipolku
FI_5_15870,SPO-FI00549_00005_100,"""FI",http://dd.eionet.europa.eu/vocabulary/aq/timezone/UTC+02,FI.FMI.AQ,NET-FI003A,STA-FI00549,FI00549,549,SPP-FI_A_TEOM_TEOM1400A,SPO_F-FI00549_00005_100_100,http://dd.eionet.europa.eu/vocabulary/aq/pollutant/5,2004-03-19T00:00:00,,EPSG:4979,23.735690000000005,61.49872999955023,120.0,automatic,traffic,urban,http://dd.eionet.europa.eu/vocabulary/aq/measurementequipment/TEOM1400A,4,10,"15""",,Pirkankatu
FI_5_15904,SPO-FI00434_00005_100,"""FI",http://dd.eionet.europa.eu/vocabulary/aq/timezone/UTC+02,FI.FMI.AQ,NET-FI020A,STA-FI00434,FI00434,434,SPP-FI_N_IC_00655,SPO_F-FI00434_00005_100_100,http://dd.eionet.europa.eu/vocabulary/aq/pollutant/5,EPSG:4979,,,28.49849,61.11708999954636,103.0,active,traffic,suburban,3,1,"5""",,,Joutsenon keskusta
FI_5_15938,SPO-FI00397_00005_100,"""FI",http://dd.eionet.europa.eu/vocabulary/aq/timezone/UTC+02,FI.FMI.AQ,NET-FI029A,STA-FI00397,FI00397,397,SPP-FI_A_1571_49_5,SPO_F-FI00397_00005_100_100,http://dd.eionet.europa.eu/vocabulary/aq/pollutant/5,2018-01-01T00:00:00,,EPSG:4979,22.71837,63.679119999573786,8.0,automatic,traffic,urban,yes,http://dd.eionet.europa.eu/vocabulary/aq/measurementequipment/TEOM1400,3,15,"10""",Bottenviksvägen
FI_5_15986,SPO-FI00465_00005_100,"""FI",http://dd.eionet.europa.eu/vocabulary/aq/timezone/UTC+02,FI.FMI.AQ,NET-FI028A,STA-FI00465,FI00465,465,SPP-FI_A_1388_12_5,SPO_F-FI00465_00005_100_100,http://dd.eionet.europa.eu/vocabulary/aq/pollutant/5,2016-01-01T00:00:00,,EPSG:4979,21.618320000000004,63.09514999956724,15.0,automatic,traffic,urban,yes,http://dd.eionet.europa.eu/vocabulary/aq/measurementequipment/enviroMP101M,4,8,"4""",Vaasan keskusta
FI_5_15988,SPO-FI00433_00005_100,"""FI",http://dd.eionet.europa.eu/vocabulary/aq/timezone/UTC+02,FI.FMI.AQ,NET-FI020A,STA-FI00433,FI00433,433,SPP-FI_A_BETA_andersenFH62IR,SPO_F-FI00433_00005_100_100,http://dd.eionet.europa.eu/vocabulary/aq/pollutant/5,1994-08-01T00:00:00,,EPSG:4979,28.81014,61.15303999954673,62.0,automatic,industrial,suburban,http://dd.eionet.europa.eu/vocabulary/aq/measurementequipment/andersenFH62IR,3,1,"50""",,Teppanala
FI_5_34794,SPO-FI00889_00005_100,"""FI",http://dd.eionet.europa.eu/vocabulary/aq/timezone/UTC+02,FI.FMI.AQ,NET-FI012A,STA-FI00889,FI00889,889,SPP-FI_A_1649_25_5,,http://dd.eionet.europa.eu/vocabulary/aq/pollutant/5,EPSG:4979,,,25.66579,60.99128999954512,85.0,automatic,traffic,urban,yes,http://dd.eionet.europa.eu/vocabulary/aq/measurementequipment/FIDAS200,-999,-999,"-999""",Saimaankatu
FI_5_50409,SPO-FI00902_00005_100,"""FI",http://dd.eionet.europa.eu/vocabulary/aq/timezone/UTC+02,FI.FMI.AQ,NET-FI004A,STA-FI00902,FI00902,902,SPP-FI_A_45_7_5,SPO_F-FI00902_00005_100_100,http://dd.eionet.europa.eu/vocabulary/aq/pollutant/5,2015-01-27T00:00:00,2015-03-31T00:00:00,EPSG:4979,24.95198000000001,60.19643999953741,25.0,automatic,traffic,urban,yes,http://dd.eionet.europa.eu/vocabulary/aq/measurementequipment/andersenFH62IR,4,4,"1""",Mäkelänkatu
FI_5_56712,SPO-FI00892_00005_100,"""FI",http://dd.eionet.europa.eu/vocabulary/aq/timezone/UTC+02,FI.FMI.AQ,NET-FI024A,STA-FI00892,FI00892,892,SPP-FI_A_257_19_5,SPO_F-FI00892_00005_100_100,http://dd.eionet.europa.eu/vocabulary/aq/pollutant/5,2013-11-06T00:00:00,2017-01-01T00:00:00,EPSG:4979,26.701,60.87044999954392,75.0,automatic,traffic,urban,yes,http://dd.eionet.europa.eu/vocabulary/aq/measurementequipment/TEOM1400A,3.5,50,"6""",Kankaan Koulu
FI_5_60955,SPO-FI00928_00005_100,"""FI",http://dd.eionet.europa.eu/vocabulary/aq/timezone/UTC+02,FI.FMI.AQ,NET-FI018A,STA-FI00928,FI00928,928,SPP-FI_A_1588_27_5,SPO_F-FI00928_00005_100_100,http://dd.eionet.europa.eu/vocabulary/aq/pollutant/5,2020-06-01T00:00:00,,EPSG:4979,21.81329,61.48225999955007,2.0,automatic,traffic,urban,yes,http://dd.eionet.europa.eu/vocabulary/aq/measurementequipment/FIDAS200,4,17,"5""",Pori Paanakedonkatu
FI_5_69637,SPO-FI00952_00005_100,"""FI",http://dd.eionet.europa.eu/vocabulary/aq/timezone/UTC+02,FI.FMI.AQ,NET-FI011A,STA-FI00952,FI00952,952,SPP-FI_A_1574_23_5,SPO_F-FI00952_00005_100_100,http://dd.eionet.europa.eu/vocabulary/aq/pollutant/5,2019-10-16T00:00:00,2020-01-01T00:00:00,EPSG:4979,25.747879999999995,62.238169999557925,82.0,automatic,traffic,urban,inprogress,http://dd.eionet.europa.eu/vocabulary/aq/measurementequipment/FIDAS200S,4,-999,"30""",Jyväskylä Hannikaisenkatu
FI_5_69642,SPO-FI00972_00005_100,"""FI",http://dd.eionet.europa.eu/vocabulary/aq/timezone/UTC+02,FI.FMI.AQ,NET-FI021A,STA-FI00972,FI00972,972,SPP-FI_A_1478_32_5,SPO_F-FI00972_00005_100_100,http://dd.eionet.europa.eu/vocabulary/aq/pollutant/5,2020-01-01T00:00:00,,EPSG:4979,24.06947,60.24902999953789,70.0,automatic,background,urban,yes,http://dd.eionet.europa.eu/vocabulary/aq/measurementequipment/GRIMM-EDM180,4,-999,"-999""",Lohja Harjula
FI_5_70766,SPO-FI00444_00005_100,"""FI",http://dd.eionet.europa.eu/vocabulary/aq/timezone/UTC+02,FI.FMI.AQ,NET-FI013A,STA-FI00444,FI00444,444,SPP-FI_A_1470_8_5,SPO_F-FI00444_00005_100_100,http://dd.eionet.europa.eu/vocabulary/aq/pollutant/5,2016-08-10T00:00:00,,EPSG:4979,22.028400000000005,60.46743999954,14.0,automatic,traffic,urban,yes,http://dd.eionet.europa.eu/vocabulary/aq/measurementequipment/enviroMP101M,3,-999,"6""",Naantalin keskusta
IS_5_23743,SPO-IS0025A_00005_100,"""IS",http://dd.eionet.europa.eu/vocabulary/aq/timezone/UTC,IS.EA-Iceland.AQ,NET-IS006A,STA-IS0025A,IS0025A,Gru_Kri,SPP-IS_A_BETA_thermo5030SHARP_kri,SPO_F-IS0025A_00005_100_100,http://dd.eionet.europa.eu/vocabulary/aq/pollutant/5,2010-04-15T00:00:00,,EPSG:4979,-21.759139,64.373583,7.0,automatic,industrial,rural,yes,http://dd.eionet.europa.eu/vocabulary/aq/measurementequipment/thermo5030SHARP,4,-999,"-999""",Grundartangi Kríuvarða
IS_5_45497,SPO-IS0006A_00005_100,"""IS",http://dd.eionet.europa.eu/vocabulary/aq/timezone/UTC,IS.EA-Iceland.AQ,NET-IS002A,STA-IS0006A,IS0006A,Rvk_FHG,SPP-IS_A_BETA_andersenFH621N2,SPO_F-IS0006A_00005_100_100,http://dd.eionet.europa.eu/vocabulary/aq/pollutant/5,2002-08-08T00:00:00,,EPSG:4979,-21.873411,64.13886100000002,19.0,automatic,background,urban,no,http://dd.eionet.europa.eu/vocabulary/aq/measurementequipment/andersenFH62IR,4,-999,"-999""",Reykjavik Husdyragardurinn
IS_5_45503,SPO-IS0005A_00005_102,"""IS",http://dd.eionet.europa.eu/vocabulary/aq/timezone/UTC,IS.EA-Iceland.AQ,NET-IS002A,STA-IS0005A,IS0005A,Rvk_Gre,SPP-IS_A_BETA_andersenFH621N,SPO_F-IS0005A_00005_102_100,http://dd.eionet.europa.eu/vocabulary/aq/pollutant/5,2002-08-08T00:00:00,2018-08-31T00:00:00,EPSG:4979,-21.87465,64.1301,31.0,automatic,traffic,urban,no,http://dd.eionet.europa.eu/vocabulary/aq/measurementequipment/andersenFH62IR,3.92,20,"5""",Reykjavik Grensas
IS_5_45504,SPO-IS0002A_00005_101,"""IS",http://dd.eionet.europa.eu/vocabulary/aq/timezone/UTC,IS.EA-Iceland.AQ,NET-IS002A,STA-IS0002A,IS0002A,Hfj_Hva,SPP-IS_A_BETA_thermo5030SHARP,SPO_F-IS0002A_00005_101_101,http://dd.eionet.europa.eu/vocabulary/aq/pollutant/5,2007-08-18T00:00:00,,EPSG:4979,-21.990733,64.058867,24.0,automatic,background,suburban,yes,http://dd.eionet.europa.eu/vocabulary/aq/measurementequipment/thermo5030SHARP,3,-999,"-999""",Hafnarfjörður Hvaleyrarholt
IS_5_52109,SPO-IS0037A_00005_100,"""IS",http://dd.eionet.europa.eu/vocabulary/aq/timezone/UTC,IS.EA-Iceland.AQ,NET-IS009A,STA-IS0037A,IS0037A,Kop_Dal,SPP-IS_A_BETA_thermo5030SHARP_dal,SPO_F-IS0037A_00005_100_100,http://dd.eionet.europa.eu/vocabulary/aq/pollutant/5,2014-05-29T00:00:00,,EPSG:4979,-21.889,64.10495,10.0,automatic,background,suburban,yes,http://dd.eionet.europa.eu/vocabulary/aq/measurementequipment/thermo5030SHARP,4,-999,"-999""",Kópavogur Dalsmári
IS_5_52149,SPO-IS0041A_00005_100,"""IS",http://dd.eionet.europa.eu/vocabulary/aq/timezone/UTC,IS.EA-Iceland.AQ,NET-IS006A,STA-IS0041A,IS0041A,Gru_Gro,SPP-IS_A_BETA_thermo5030SHARP_gro,SPO_F-IS0041A_00005_100_100,http://dd.eionet.europa.eu/vocabulary/aq/pollutant/5,2014-02-12T00:00:00,,EPSG:4979,-21.835686,64.33416400000002,317.0,automatic,industrial,rural,yes,http://dd.eionet.europa.eu/vocabulary/aq/measurementequipment/thermo5030SHARP,4,-999,"-999""",Grundartangi Gröf
IS_5_61402,SPO-IS0046A_00005_101,"""IS",http://dd.eionet.europa.eu/vocabulary/aq/timezone/UTC,IS.EA-Iceland.AQ,NET-IS009A,STA-IS0046A,IS0046A,Hfj_Nor,SPP-IS_GRIMM_PM10_Nodurh,SPO_F-IS0046A_00005_101_100,http://dd.eionet.europa.eu/vocabulary/aq/pollutant/5,2016-05-09T00:00:00,,EPSG:4979,-21.98535,64.04416,19.0,automatic,industrial,suburban,yes,http://dd.eionet.europa.eu/vocabulary/aq/measurementequipment/GRIMM-EDM180,4,-999,"-999""",Hafnarfjörður Norðurhella
IS_5_61403,SPO-IS0049A_00005_100,"""IS",http://dd.eionet.europa.eu/vocabulary/aq/timezone/UTC,IS.EA-Iceland.AQ,NET-IS012A,STA-IS0049A,IS0049A,PCC_Nor,SPP-IS_Bam_PM_PCN,SPO_F-IS0049A_00005_100_100,http://dd.eionet.europa.eu/vocabulary/aq/pollutant/5,2016-12-01T00:00:00,,EPSG:4979,-17.342173,66.079276,6.0,automatic,industrial,suburban,yes,http://dd.eionet.europa.eu/vocabulary/aq/measurementequipment/BAM1020heated,4,-999,"-999""",PCC norður
IS_5_61404,SPO-IS0050A_00005_100,"""IS",http://dd.eionet.europa.eu/vocabulary/aq/timezone/UTC,IS.EA-Iceland.AQ,NET-IS012A,STA-IS0050A,IS0050A,PCC_Sud,SPP-IS_Bam_PM_PCS,SPO_F-IS0050A_00005_100_100,http://dd.eionet.europa.eu/vocabulary/aq/pollutant/5,2016-12-01T00:00:00,,EPSG:4979,-17.34755,66.05485800000001,47.0,automatic,industrial,suburban,yes,http://dd.eionet.europa.eu/vocabulary/aq/measurementequipment/BAM1020heated,4,-999,"-999""",PCC suður
IS_5_61443,SPO-IS0052A_00005_100,"""IS",http://dd.eionet.europa.eu/vocabulary/aq/timezone/UTC,IS.EA-Iceland.AQ,NET-IS002A,STA-IS0052A,IS0052A,Ak_Str,SPP-IS_Hof_Bam_PM,SPO_F-IS0052A_00005_100_100,http://dd.eionet.europa.eu/vocabulary/aq/pollutant/5,2018-01-30T00:00:00,,EPSG:4979,-18.088205,65.684092,8.0,automatic,traffic,urban,no,http://dd.eionet.europa.eu/vocabulary/aq/measurementequipment/BAM1020heated,2.8,19,"6""",Akureyri Strandgata (við Hof)
IS_5_66726,SPO-IS0005A_00005_103,"""IS",http://dd.eionet.europa.eu/vocabulary/aq/timezone/UTC,IS.EA-Iceland.AQ,NET-IS002A,STA-IS0005A,IS0005A,Rvk_Gre,SPP-IS_Gre_Bam_PM10,SPO_F-IS0005A_00005_103_100,http://dd.eionet.europa.eu/vocabulary/aq/pollutant/5,2018-08-31T00:00:00,,EPSG:4979,-21.87465,64.1301,31.0,automatic,traffic,urban,yes,http://dd.eionet.europa.eu/vocabulary/aq/measurementequipment/BAM1020heated,3.92,20,"5""",Reykjavik Grensas
NO_5_28640,SPO_NO0075A_5_544,"""NO",http://dd.eionet.europa.eu/vocabulary/aq/timezone/UTC+01,NO.NILU.AQD,NET_NO011A,STA_NO0075A,NO0075A,284,SPP_NO0075A_5_544,SAM_NO0075A_5_544,http://dd.eionet.europa.eu/vocabulary/aq/pollutant/5,2004-10-07T14:00:00,,EPSG:4979,10.46563,61.12086999954639,212.0,automatic,background,suburban,yes,http://dd.eionet.europa.eu/vocabulary/aq/measurementequipment/TEOM1400,4.2,-9900,"-999""",Lillehammer barnehage
NO_5_28653,SPO_NO0065A_5_52,"""NO",http://dd.eionet.europa.eu/vocabulary/aq/timezone/UTC+01,NO.NILU.AQD,NET_NO009A,STA_NO0065A,NO0065A,15,SPP_NO0065A_5_52,SAM_NO0065A_5_52,http://dd.eionet.europa.eu/vocabulary/aq/pollutant/5,2003-01-01T00:00:00,,EPSG:4979,5.7314,58.96164999952609,34.0,automatic,background,suburban,yes,http://dd.eionet.europa.eu/vocabulary/aq/measurementequipment/TEOM1400,3,-9900,"-999""",Våland
NO_5_28654,SPO_NO0071A_5_38,"""NO",http://dd.eionet.europa.eu/vocabulary/aq/timezone/UTC+01,NO.NILU.AQD,NET_NO001A,STA_NO0071A,NO0071A,11,SPP_NO0071A_5_38,SAM_NO0071A_5_38,http://dd.eionet.europa.eu/vocabulary/aq/pollutant/5,2001-10-10T01:00:00,,EPSG:4979,10.8149,59.89863999953457,130.0,automatic,traffic,suburban,yes,http://dd.eionet.europa.eu/vocabulary/aq/measurementequipment/TEOM1400,3.3,-9900,"-9900""",Manglerud
NO_5_28655,SPO_NO0073A_5_552,"""NO",http://dd.eionet.europa.eu/vocabulary/aq/timezone/UTC+01,NO.NILU.AQD,NET_NO003A,STA_NO0073A,NO0073A,303,SPP_NO0073A_5_552,SAM_NO0073A_5_552,http://dd.eionet.europa.eu/vocabulary/aq/pollutant/5,2004-10-18T00:00:00,,EPSG:4979,10.76574,59.92304999953481,24.0,automatic,background,urban,yes,http://dd.eionet.europa.eu/vocabulary/aq/measurementequipment/TEOM1405DF-FDMS,4.2,-9900,"-999""",Sofienbergparken
NO_5_28671,SPO_NO0084A_5_967,"""NO",http://dd.eionet.europa.eu/vocabulary/aq/timezone/UTC+01,NO.NILU.AQD,NET_NO014A,STA_NO0084A,NO0084A,625,SPP_NO0084A_5_967,SAM_NO0084A_5_967,http://dd.eionet.europa.eu/vocabulary/aq/pollutant/5,2008-01-09T14:00:00,,EPSG:4979,10.94535,59.21027999952828,5.0,automatic,traffic,suburban,yes,http://dd.eionet.europa.eu/vocabulary/aq/measurementequipment/GRIMM-EDM180,2.65,-9900,"-9900""",St.Croix
NO_5_28673,SPO_NO0074A_5_539,"""NO",http://dd.eionet.europa.eu/vocabulary/aq/timezone/UTC+01,NO.NILU.AQD,NET_NO011A,STA_NO0074A,NO0074A,283,SPP_NO0074A_5_539,SAM_NO0074A_5_539,http://dd.eionet.europa.eu/vocabulary/aq/pollutant/5,2004-10-07T12:00:00,,EPSG:4979,10.46487,61.11294999954632,180.0,automatic,traffic,suburban,yes,http://dd.eionet.europa.eu/vocabulary/aq/measurementequipment/unknown,4.1,-9900,"-9900""",Bankplassen
NO_5_28675,SPO_NO0067A_5_595,"""NO",http://dd.eionet.europa.eu/vocabulary/aq/timezone/UTC+01,NO.NILU.AQD,NET_NO005A,STA_NO0067A,NO0067A,345,SPP_NO0067A_5_595,SAM_NO0067A_5_595,http://dd.eionet.europa.eu/vocabulary/aq/pollutant/5,2004-11-29T23:00:00,,EPSG:4979,10.211669999999998,59.73326999953305,2.0,automatic,traffic,suburban,yes,http://dd.eionet.europa.eu/vocabulary/aq/measurementequipment/TEOM1400,4,-9900,"-9900""",Bangeløkka
NO_5_28680,SPO_NO0083A_5_793,"""NO",http://dd.eionet.europa.eu/vocabulary/aq/timezone/UTC+01,NO.NILU.AQD,NET_NO003A,STA_NO0083A,NO0083A,464,SPP_NO0083A_5_793,SAM_NO0083A_5_793,http://dd.eionet.europa.eu/vocabulary/aq/pollutant/5,2005-11-10T16:00:00,,EPSG:4979,10.696509999999998,59.91929999953478,17.0,automatic,traffic,urban,yes,http://dd.eionet.europa.eu/vocabulary/aq/measurementequipment/GRIMM-EDM180,3,-9900,"-9900""",Bygdøy Alle
NO_5_28685,SPO_NO0076A_5_46,"""NO",http://dd.eionet.europa.eu/vocabulary/aq/timezone/UTC+01,NO.NILU.AQD,NET_NO009A,STA_NO0076A,NO0076A,14,SPP_NO0076A_5_46,SAM_NO0076A_5_46,http://dd.eionet.europa.eu/vocabulary/aq/pollutant/5,1999-10-14T11:00:00,,EPSG:4979,5.72786,58.96421999952612,32.0,automatic,traffic,suburban,yes,http://dd.eionet.europa.eu/vocabulary/aq/measurementequipment/GRIMM-EDM180,3,-9900,"-9900""",Kannik
NO_5_28716,SPO_NO0093A_5_1039,"""NO",http://dd.eionet.europa.eu/vocabulary/aq/timezone/UTC+01,NO.NILU.AQD,NET_NO001A,STA_NO0093A,NO0093A,665,SPP_NO0093A_5_1039,SAM_NO0093A_5_1039,http://dd.eionet.europa.eu/vocabulary/aq/pollutant/5,2008-10-11T23:00:00,,EPSG:4979,10.70398,59.91125999953471,8.0,automatic,traffic,urban,yes,http://dd.eionet.europa.eu/vocabulary/aq/measurementequipment/TEOM1400,3,-9900,"-9900""",Hjortnes
NO_5_28722,SPO_NO0039R_5_1546,"""NO",http://dd.eionet.europa.eu/vocabulary/aq/timezone/UTC+01,NO.NILU.AQD,NET_NO002R,STA_NO0039R,NO0039R,425,SPP_NO0039R_5_1546,SAM_NO0039R_5_1546,http://dd.eionet.europa.eu/vocabulary/aq/pollutant/5,2012-12-31T00:00:00,,EPSG:4979,8.87658,62.7824599995638,210.0,remote,background,rural-regional,yes,http://dd.eionet.europa.eu/vocabulary/aq/measurementequipment/unknown,3,-9900,"-999""",Kårvatn
NO_5_28724,SPO_NO0089A_5_1082,"""NO",http://dd.eionet.europa.eu/vocabulary/aq/timezone/UTC+01,NO.NILU.AQD,NET_NO006A,STA_NO0089A,NO0089A,705,SPP_NO0089A_5_1082,SAM_NO0089A_5_1082,http://dd.eionet.europa.eu/vocabulary/aq/pollutant/5,2009-01-15T14:00:00,,EPSG:4979,10.39355,63.43037999957095,30.0,automatic,background,urban,yes,http://dd.eionet.europa.eu/vocabulary/aq/measurementequipment/GRIMM-EDM180,3,-9900,"-999""",Torvet
NO_5_28732,SPO_NO0059A_5_11,"""NO",http://dd.eionet.europa.eu/vocabulary/aq/timezone/UTC+01,NO.NILU.AQD,NET_NO004A,STA_NO0059A,NO0059A,4,SPP_NO0059A_5_11,SAM_NO0059A_5_11,http://dd.eionet.europa.eu/vocabulary/aq/pollutant/5,2003-01-01T00:00:00,,EPSG:4979,5.34042,60.37407999953911,20.0,automatic,traffic,urban,yes,http://dd.eionet.europa.eu/vocabulary/aq/measurementequipment/unknown,3,-9900,"-9900""",Danmarks plass
NO_5_28733,SPO_NO0002R_5_1572,"""NO",http://dd.eionet.europa.eu/vocabulary/aq/timezone/UTC+01,NO.NILU.AQD,NET_NO002R,STA_NO0002R,NO0002R,812,SPP_NO0002R_5_1572,SAM_NO0002R_5_1572,http://dd.eionet.europa.eu/vocabulary/aq/pollutant/5,2012-12-26T00:00:00,,EPSG:4979,8.251900000000001,58.38845999952113,200.0,remote,background,rural-regional,yes,http://dd.eionet.europa.eu/vocabulary/aq/measurementequipment/unknown,3,-9900,"-999""",Birkenesobservatoriet
NO_5_28744,SPO_NO0063A_5_192,"""NO",http://dd.eionet.europa.eu/vocabulary/aq/timezone/UTC+01,NO.NILU.AQD,NET_NO008A,STA_NO0063A,NO0063A,43,SPP_NO0063A_5_192,SAM_NO0063A_5_192,http://dd.eionet.europa.eu/vocabulary/aq/pollutant/5,2003-05-25T23:00:00,,EPSG:4979,7.991830000000001,58.14887999951912,12.0,automatic,background,urban,yes,http://dd.eionet.europa.eu/vocabulary/aq/measurementequipment/andersenFH62IR,3,-9900,"-999""",Stener Heyerdahl
NO_5_28754,SPO_NO0070A_5_432,"""NO",http://dd.eionet.europa.eu/vocabulary/aq/timezone/UTC+01,NO.NILU.AQD,NET_NO010A,STA_NO0070A,NO0070A,243,SPP_NO0070A_5_432,SAM_NO0070A_5_432,http://dd.eionet.europa.eu/vocabulary/aq/pollutant/5,2004-05-07T00:00:00,,EPSG:4979,6.15682,62.47216999956044,25.0,automatic,background,urban,yes,http://dd.eionet.europa.eu/vocabulary/aq/measurementequipment/TEOM1400,3,-9900,"-999""",Grimmerhaugen
NO_5_28782,SPO_NO0061A_5_713,"""NO",http://dd.eionet.europa.eu/vocabulary/aq/timezone/UTC+01,NO.NILU.AQD,NET_NO007A,STA_NO0061A,NO0061A,20,SPP_NO0061A_5_713,SAM_NO0061A_5_713,http://dd.eionet.europa.eu/vocabulary/aq/pollutant/5,2005-06-13T16:00:00,,EPSG:4979,9.63573,59.15929999952787,14.0,automatic,traffic,suburban,yes,http://dd.eionet.europa.eu/vocabulary/aq/measurementequipment/TEOM1400,3,-9900,"-9900""",Lensmannsdalen
NO_5_28788,SPO_NO0057A_5_41,"""NO",http://dd.eionet.europa.eu/vocabulary/aq/timezone/UTC+01,NO.NILU.AQD,NET_NO003A,STA_NO0057A,NO0057A,7,SPP_NO0057A_5_41,SAM_NO0057A_5_41,http://dd.eionet.europa.eu/vocabulary/aq/pollutant/5,2003-01-01T00:00:00,,EPSG:4979,10.846550000000002,59.92768999953486,95.0,automatic,traffic,suburban,yes,http://dd.eionet.europa.eu/vocabulary/aq/measurementequipment/TEOM1405DF-FDMS,4.4,-9900,"-9900""",Alnabru
NO_5_28796,SPO_NO0072A_5_352,"""NO",http://dd.eionet.europa.eu/vocabulary/aq/timezone/UTC+01,NO.NILU.AQD,NET_NO003A,STA_NO0072A,NO0072A,12,SPP_NO0072A_5_352,SAM_NO0072A_5_352,http://dd.eionet.europa.eu/vocabulary/aq/pollutant/5,2004-02-15T12:00:00,,EPSG:4979,10.68973,59.9197499995348,5.0,automatic,background,urban,yes,http://dd.eionet.europa.eu/vocabulary/aq/measurementequipment/unknown,3.6,-9900,"-999""",Skøyen
NO_5_28799,SPO_NO0095A_5_934,"""NO",http://dd.eionet.europa.eu/vocabulary/aq/timezone/UTC+01,NO.NILU.AQD,NET_NO001A,STA_NO0095A,NO0095A,504,SPP_NO0095A_5_934,SAM_NO0095A_5_934,http://dd.eionet.europa.eu/vocabulary/aq/pollutant/5,2006-10-17T01:00:00,,EPSG:4979,10.66987,59.9324999995349,60.0,automatic,traffic,suburban,yes,http://dd.eionet.europa.eu/vocabulary/aq/measurementequipment/TEOM1405DF-FDMS,3.9,-9900,"-9900""",Smestad
NO_5_28807,SPO_NO0056R_5_1539,"""NO",http://dd.eionet.europa.eu/vocabulary/aq/timezone/UTC+01,NO.NILU.AQD,NET_NO002R,STA_NO0056R,NO0056R,765,SPP_NO0056R_5_1539,SAM_NO0056R_5_1539,http://dd.eionet.europa.eu/vocabulary/aq/pollutant/5,2012-12-31T00:00:00,,EPSG:4979,11.07407,60.37287999953907,280.0,remote,background,rural-regional,yes,http://dd.eionet.europa.eu/vocabulary/aq/measurementequipment/unknown,25,-9900,"-999""",Hurdal25
NO_5_28812,SPO_NO0011A_5_19,"""NO",http://dd.eionet.europa.eu/vocabulary/aq/timezone/UTC+01,NO.NILU.AQD,NET_NO003A,STA_NO0011A,NO0011A,9,SPP_NO0011A_5_19,SAM_NO0011A_5_19,http://dd.eionet.europa.eu/vocabulary/aq/pollutant/5,1995-10-01T00:00:00,,EPSG:4979,10.72455,59.9323099995349,61.0,automatic,traffic,urban,yes,http://dd.eionet.europa.eu/vocabulary/aq/measurementequipment/TEOM1405DF-FDMS,3,-9900,"-9900""",Kirkeveien
NO_5_28816,SPO_NO0079A_5_392,"""NO",http://dd.eionet.europa.eu/vocabulary/aq/timezone/UTC+01,NO.NILU.AQD,NET_NO013A,STA_NO0079A,NO0079A,203,SPP_NO0079A_5_392,SAM_NO0079A_5_392,http://dd.eionet.europa.eu/vocabulary/aq/pollutant/5,2004-03-17T23:00:00,,EPSG:4979,18.96372,69.65624999965044,11.0,automatic,traffic,suburban,yes,http://dd.eionet.europa.eu/vocabulary/aq/measurementequipment/TEOM1400,3,-9900,"-9900""",Hansjordnesbukta
NO_5_35076,SPO_NO0106A_5_1231,"""NO",http://dd.eionet.europa.eu/vocabulary/aq/timezone/UTC+01,NO.NILU.AQD,NET_NO007A,STA_NO0106A,NO0106A,818,SPP_NO0106A_5_1231,SAM_NO0106A_5_1231,http://dd.eionet.europa.eu/vocabulary/aq/pollutant/5,2011-04-04T23:00:00,,EPSG:4979,9.6522,59.13815999952766,15.0,automatic,traffic,suburban,yes,http://dd.eionet.europa.eu/vocabulary/aq/measurementequipment/TEOM1400,4,-9900,"-9900""",Sverresgate
NO_5_35084,SPO_NO0105A_5_1653,"""NO",http://dd.eionet.europa.eu/vocabulary/aq/timezone/UTC+01,NO.NILU.AQD,NET_NO014A,STA_NO0105A,NO0105A,852,SPP_NO0105A_5_1653,SAM_NO0105A_5_1653,http://dd.eionet.europa.eu/vocabulary/aq/pollutant/5,2014-10-02T12:00:00,,EPSG:4979,10.940096999999998,59.21019099952831,18.0,automatic,background,suburban,yes,http://dd.eionet.europa.eu/vocabulary/aq/measurementequipment/TEOM1400,19.2,-9900,"-999""",Nygaardsgata
NO_5_35085,SPO_NO0102A_5_1530,"""NO",http://dd.eionet.europa.eu/vocabulary/aq/timezone/UTC+01,NO.NILU.AQD,NET_NO006A,STA_NO0102A,NO0102A,847,SPP_NO0102A_5_1530,SAM_NO0102A_5_1530,http://dd.eionet.europa.eu/vocabulary/aq/pollutant/5,2013-12-20T11:00:00,,EPSG:4979,10.371740000000004,63.357609999570144,153.0,automatic,traffic,suburban,yes,http://dd.eionet.europa.eu/vocabulary/aq/measurementequipment/TEOM1405DF-FDMS,4.8,-9900,"-9900""",E6-Tiller
NO_5_35115,SPO_NO0099A_5_1711,"""NO",http://dd.eionet.europa.eu/vocabulary/aq/timezone/UTC+01,NO.NILU.AQD,NET_NO017A,STA_NO0099A,NO0099A,827,SPP_NO0099A_5_1711,SAM_NO0099A_5_1711,http://dd.eionet.europa.eu/vocabulary/aq/pollutant/5,2014-11-26T13:00:00,,EPSG:4979,10.611950000000002,59.90607999953467,12.0,automatic,traffic,suburban,yes,http://dd.eionet.europa.eu/vocabulary/aq/measurementequipment/GRIMM-EDM180,4.5,-9900,"-9900""",Eilif Dues vei
NO_5_35120,SPO_NO0101A_5_332,"""NO",http://dd.eionet.europa.eu/vocabulary/aq/timezone/UTC+01,NO.NILU.AQD,NET_NO001A,STA_NO0101A,NO0101A,163,SPP_NO0101A_5_332,SAM_NO0101A_5_332,http://dd.eionet.europa.eu/vocabulary/aq/pollutant/5,2003-12-11T10:00:00,,EPSG:4979,10.798030000000002,59.94102999953499,148.0,automatic,traffic,suburban,yes,http://dd.eionet.europa.eu/vocabulary/aq/measurementequipment/TEOM1405DF-FDMS,4.3,-9900,"-9900""","Rv 4, Aker sykehus"
NO_5_43719,SPO_NO0112A_5_1221,"""NO",http://dd.eionet.europa.eu/vocabulary/aq/timezone/UTC+01,NO.NILU.AQD,NET_NO020A,STA_NO0112A,NO0112A,815,SPP_NO0112A_5_1221,SAM_NO0112A_5_1221,http://dd.eionet.europa.eu/vocabulary/aq/pollutant/5,2011-01-21T14:00:00,,EPSG:4979,10.661762360000004,59.43347099953032,100.0,automatic,traffic,suburban,yes,http://dd.eionet.europa.eu/vocabulary/aq/measurementequipment/unknown,3,-9900,"-9900""",Kransen
NO_5_43723,SPO_NO0103A_5_1664,"""NO",http://dd.eionet.europa.eu/vocabulary/aq/timezone/UTC+01,NO.NILU.AQD,NET_NO026A,STA_NO0103A,NO0103A,853,SPP_NO0103A_5_1664,SAM_NO0103A_5_1664,http://dd.eionet.europa.eu/vocabulary/aq/pollutant/5,2014-10-31T13:00:00,,EPSG:4979,10.696700000000002,60.79088999954314,130.0,automatic,traffic,suburban,yes,http://dd.eionet.europa.eu/vocabulary/aq/measurementequipment/TEOM1405DF-FDMS,3,-9900,"-9900""","Minnesundvegen, Gjøvik"
NO_5_43728,SPO_NO0104A_5_1671,"""NO",http://dd.eionet.europa.eu/vocabulary/aq/timezone/UTC+01,NO.NILU.AQD,NET_NO027A,STA_NO0104A,NO0104A,854,SPP_NO0104A_5_1671,SAM_NO0104A_5_1671,http://dd.eionet.europa.eu/vocabulary/aq/pollutant/5,2014-10-31T14:00:00,,EPSG:4979,11.09777,60.7964599995432,130.0,automatic,traffic,suburban,yes,http://dd.eionet.europa.eu/vocabulary/aq/measurementequipment/TEOM1405DF-FDMS,3,-9900,"-9900""","Vangsveien, Hamar"
NO_5_43733,SPO_NO0111A_5_1692,"""NO",http://dd.eionet.europa.eu/vocabulary/aq/timezone/UTC+01,NO.NILU.AQD,NET_NO029A,STA_NO0111A,NO0111A,857,SPP_NO0111A_5_1692,SAM_NO0111A_5_1692,http://dd.eionet.europa.eu/vocabulary/aq/pollutant/5,2015-12-11T16:00:00,,EPSG:4979,11.073983000000002,59.95547699953512,105.0,automatic,traffic,suburban,yes,http://dd.eionet.europa.eu/vocabulary/aq/measurementequipment/unknown,3,-9900,"-9900""",Vigernes
NO_5_43744,SPO_NO0110A_5_2064,"""NO",http://dd.eionet.europa.eu/vocabulary/aq/timezone/UTC+01,NO.NILU.AQD,NET_NO018A,STA_NO0110A,NO0110A,885,SPP_NO0110A_5_2064,SAM_NO0110A_5_2064,http://dd.eionet.europa.eu/vocabulary/aq/pollutant/5,2015-10-02T06:00:00,,EPSG:4979,11.08919017,59.27377543952886,25.0,automatic,traffic,suburban,yes,http://dd.eionet.europa.eu/vocabulary/aq/measurementequipment/GRIMM-EDM180,3,-9900,"-9900""",Alvim
NO_5_43746,SPO_NO0109A_5_2067,"""NO",http://dd.eionet.europa.eu/vocabulary/aq/timezone/UTC+01,NO.NILU.AQD,NET_NO004A,STA_NO0109A,NO0109A,894,SPP_NO0109A_5_2067,SAM_NO0109A_5_2067,http://dd.eionet.europa.eu/vocabulary/aq/pollutant/5,2015-10-16T10:00:00,,EPSG:4979,5.236860000000001,60.36113499953897,7.0,automatic,traffic,suburban,yes,http://dd.eionet.europa.eu/vocabulary/aq/measurementequipment/unknown,3,-9900,"-9900""",Loddefjord
NO_5_43749,SPO_NO0108A_5_2071,"""NO",http://dd.eionet.europa.eu/vocabulary/aq/timezone/UTC+01,NO.NILU.AQD,NET_NO004A,STA_NO0108A,NO0108A,896,SPP_NO0108A_5_2071,SAM_NO0108A_5_2071,http://dd.eionet.europa.eu/vocabulary/aq/pollutant/5,2015-10-15T23:00:00,,EPSG:4979,5.332447000000001,60.462664999539946,95.0,automatic,background,suburban,yes,http://dd.eionet.europa.eu/vocabulary/aq/measurementequipment/unknown,3,-9900,"-999""","Rolland, Åsane"
NO_5_48876,SPO_NO0060A_5_1685,"""NO",http://dd.eionet.europa.eu/vocabulary/aq/timezone/UTC+01,NO.NILU.AQD,NET_NO006A,STA_NO0060A,NO0060A,856,SPP_NO0060A_5_1685,SAM_NO0060A_5_1685,http://dd.eionet.europa.eu/vocabulary/aq/pollutant/5,2000-01-05T11:00:00,,EPSG:4979,10.39677,63.41744999957082,20.0,automatic,traffic,urban,yes,http://dd.eionet.europa.eu/vocabulary/aq/measurementequipment/TEOM1405DF-FDMS,3,-9900,"-9900""",Elgeseter
NO_5_50188,SPO_NO0115A_5_2473,"""NO",http://dd.eionet.europa.eu/vocabulary/aq/timezone/UTC+01,NO.NILU.AQD,NET_NO007A,STA_NO0115A,NO0115A,981,SPP_NO0115A_5_2473,SAM_NO0115A_5_2473,http://dd.eionet.europa.eu/vocabulary/aq/pollutant/5,2016-07-07T13:00:00,,EPSG:4979,9.695567999999998,59.05730399952695,35.0,automatic,industrial,suburban,yes,http://dd.eionet.europa.eu/vocabulary/aq/measurementequipment/unknown,3,-9900,"-999""",Furulund
NO_5_56171,SPO_NO0114A_5_2325,"""NO",http://dd.eionet.europa.eu/vocabulary/aq/timezone/UTC+01,NO.NILU.AQD,NET_NO017A,STA_NO0114A,NO0114A,959,SPP_NO0114A_5_2325,SAM_NO0114A_5_2325,http://dd.eionet.europa.eu/vocabulary/aq/pollutant/5,2016-06-21T16:00:00,,EPSG:4979,10.58393,59.91821999953476,62.0,automatic,traffic,suburban,yes,http://dd.eionet.europa.eu/vocabulary/aq/measurementequipment/unknown,3,-9900,"-9900""",Bekkestua
NO_5_56175,SPO_NO0113A_5_2217,"""NO",http://dd.eionet.europa.eu/vocabulary/aq/timezone/UTC+01,NO.NILU.AQD,NET_NO028A,STA_NO0113A,NO0113A,924,SPP_NO0113A_5_2217,SAM_NO0113A_5_2217,http://dd.eionet.europa.eu/vocabulary/aq/pollutant/5,2016-02-19T09:00:00,,EPSG:4979,17.424891000000002,68.43539699963341,100.0,automatic,traffic,urban,yes,http://dd.eionet.europa.eu/vocabulary/aq/measurementequipment/unknown,3,-9900,"-9900""",Sentrum
NO_5_56176,SPO_NO0116A_5_2720,"""NO",http://dd.eionet.europa.eu/vocabulary/aq/timezone/UTC+01,NO.NILU.AQD,NET_NO010A,STA_NO0116A,NO0116A,1088,SPP_NO0116A_5_2720,SAM_NO0116A_5_2720,http://dd.eionet.europa.eu/vocabulary/aq/pollutant/5,2017-01-10T11:00:00,,EPSG:4979,6.153500999999999,62.47062199956042,5.0,automatic,traffic,urban,yes,http://dd.eionet.europa.eu/vocabulary/aq/measurementequipment/TEOM1400,3,-9900,"-9900""",Karl Eriksens plass
NO_5_60846,SPO_NO0119A_5_2701,"""NO",http://dd.eionet.europa.eu/vocabulary/aq/timezone/UTC+01,NO.NILU.AQD,NET_NO025A,STA_NO0119A,NO0119A,1087,SPP_NO0119A_5_2701,SAM_NO0119A_5_2701,http://dd.eionet.europa.eu/vocabulary/aq/pollutant/5,2016-12-21T09:00:00,,EPSG:4979,11.55930063,60.88364254954405,187.0,automatic,traffic,suburban,yes,http://dd.eionet.europa.eu/vocabulary/aq/measurementequipment/unknown,3,-9900,"-9900""",Leiret
NO_5_60855,SPO_NO0118A_5_2723,"""NO",http://dd.eionet.europa.eu/vocabulary/aq/timezone/UTC+01,NO.NILU.AQD,NET_NO007A,STA_NO0118A,NO0118A,1091,SPP_NO0118A_5_2723,SAM_NO0118A_5_2723,http://dd.eionet.europa.eu/vocabulary/aq/pollutant/5,2017-03-20T16:00:00,,EPSG:4979,9.621900000000002,59.13353999952761,5.0,automatic,background,suburban,yes,http://dd.eionet.europa.eu/vocabulary/aq/measurementequipment/TEOM1400,3,-9900,"-999""",Knarrdalstranda
NO_5_60863,SPO_NO0121A_5_2888,"""NO",http://dd.eionet.europa.eu/vocabulary/aq/timezone/UTC+01,NO.NILU.AQD,NET_NO004A,STA_NO0121A,NO0121A,1136,SPP_NO0121A_5_2888,SAM_NO0121A_5_2888,http://dd.eionet.europa.eu/vocabulary/aq/pollutant/5,2017-09-13T16:00:00,,EPSG:4979,5.324619000000001,60.294267999538334,35.0,automatic,traffic,suburban,yes,http://dd.eionet.europa.eu/vocabulary/aq/measurementequipment/unknown,3,-9900,"-9900""",Rådal
NO_5_60865,SPO_NO0122A_5_2945,"""NO",http://dd.eionet.europa.eu/vocabulary/aq/timezone/UTC+01,NO.NILU.AQD,NET_NO001A,STA_NO0122A,NO0122A,1140,SPP_NO0122A_5_2945,SAM_NO0122A_5_2945,http://dd.eionet.europa.eu/vocabulary/aq/pollutant/5,2017-10-29T20:00:00,,EPSG:4979,10.850367,59.92555999953484,95.0,automatic,traffic,suburban,yes,http://dd.eionet.europa.eu/vocabulary/aq/measurementequipment/GRIMM-EDM180,3,-9900,"-9900""",E6 Alna senter
NO_5_60873,SPO_NO0120A_5_2902,"""NO",http://dd.eionet.europa.eu/vocabulary/aq/timezone/UTC+01,NO.NILU.AQD,NET_NO004A,STA_NO0120A,NO0120A,1137,SPP_NO0120A_5_2902,SAM_NO0120A_5_2902,http://dd.eionet.europa.eu/vocabulary/aq/pollutant/5,2017-10-30T13:00:00,,EPSG:4979,5.312674,60.395928999539294,35.0,automatic,background,urban,yes,http://dd.eionet.europa.eu/vocabulary/aq/measurementequipment/unknown,3,-9900,"-999""",Klosterhaugen
NO_5_62993,SPO_NO0124A_5_2957,"""NO",http://dd.eionet.europa.eu/vocabulary/aq/timezone/UTC+01,NO.NILU.AQD,NET_NO013A,STA_NO0124A,NO0124A,1143,SPP_NO0124A_5_2957,SAM_NO0124A_5_2957,http://dd.eionet.europa.eu/vocabulary/aq/pollutant/5,2017-12-19T13:00:00,,EPSG:4979,18.95636,69.65427999965043,34.0,automatic,background,suburban,yes,http://dd.eionet.europa.eu/vocabulary/aq/measurementequipment/TEOM1400,3,-9900,"-999""",Rambergan
NO_5_63001,SPO_NO0123A_5_2952,"""NO",http://dd.eionet.europa.eu/vocabulary/aq/timezone/UTC+01,NO.NILU.AQD,NET_NO012A,STA_NO0123A,NO0123A,1142,SPP_NO0123A_5_2952,SAM_NO0123A_5_2952,http://dd.eionet.europa.eu/vocabulary/aq/pollutant/5,2018-01-02T17:00:00,,EPSG:4979,14.149923,66.31219099960529,100.0,automatic,industrial,suburban,yes,http://dd.eionet.europa.eu/vocabulary/aq/measurementequipment/TEOM1400,3,-9900,"-999""",Moheia Vest
NO_5_64121,SPO_NO0125A_5_3017,"""NO",http://dd.eionet.europa.eu/vocabulary/aq/timezone/UTC+01,NO.NILU.AQD,NET_NO009A,STA_NO0125A,NO0125A,1150,SPP_NO0125A_5_3017,SAM_NO0125A_5_3017,http://dd.eionet.europa.eu/vocabulary/aq/pollutant/5,2018-06-01T11:00:00,,EPSG:4979,5.721875,58.95187699952602,4.5,automatic,traffic,rural,yes,http://dd.eionet.europa.eu/vocabulary/aq/measurementequipment/GRIMM-EDM180,3,-9900,"-9900""",Schancheholen
NO_5_65114,SPO_NO0127A_5_2964,"""NO",http://dd.eionet.europa.eu/vocabulary/aq/timezone/UTC+01,NO.NILU.AQD,NET_NO032A,STA_NO0127A,NO0127A,1145,SPP_NO0127A_5_2964,SAM_NO0127A_5_2964,http://dd.eionet.europa.eu/vocabulary/aq/pollutant/5,2018-01-19T17:00:00,,EPSG:4979,16.537423,68.79222699963832,100.0,automatic,traffic,rural,yes,http://dd.eionet.europa.eu/vocabulary/aq/measurementequipment/GRIMM-EDM180,3,-9900,"-9900""",Seljestad Rv83
NO_5_65116,SPO_NO0130A_5_3000,"""NO",http://dd.eionet.europa.eu/vocabulary/aq/timezone/UTC+01,NO.NILU.AQD,NET_NO033A,STA_NO0130A,NO0130A,1148,SPP_NO0130A_5_3000,SAM_NO0130A_5_3000,http://dd.eionet.europa.eu/vocabulary/aq/pollutant/5,2018-05-29T10:00:00,,EPSG:4979,10.93785,60.88592999954408,141.0,automatic,traffic,rural,yes,http://dd.eionet.europa.eu/vocabulary/aq/measurementequipment/GRIMM-EDM180,3,-9900,"-9900""",Ringsakervegen
NO_5_65121,SPO_NO0129A_5_2950,"""NO",http://dd.eionet.europa.eu/vocabulary/aq/timezone/UTC+01,NO.NILU.AQD,NET_NO031A,STA_NO0129A,NO0129A,1141,SPP_NO0129A_5_2950,SAM_NO0129A_5_2950,http://dd.eionet.europa.eu/vocabulary/aq/pollutant/5,2017-11-03T16:00:00,,EPSG:4979,10.953203000000002,59.92861199953487,100.0,automatic,traffic,rural,yes,http://dd.eionet.europa.eu/vocabulary/aq/measurementequipment/GRIMM-EDM180,3,-9900,"-9900""",Solheim
NO_5_65126,SPO_NO0126A_5_2991,"""NO",http://dd.eionet.europa.eu/vocabulary/aq/timezone/UTC+01,NO.NILU.AQD,NET_NO034A,STA_NO0126A,NO0126A,1147,SPP_NO0126A_5_2991,SAM_NO0126A_5_2991,http://dd.eionet.europa.eu/vocabulary/aq/pollutant/5,2018-02-06T08:00:00,,EPSG:4979,14.419057000000002,67.2755009996178,100.0,automatic,traffic,rural,yes,http://dd.eionet.europa.eu/vocabulary/aq/measurementequipment/GRIMM-EDM180,3,-9900,"-9900""",Olav V gate
NO_5_65128,SPO_NO0128A_5_2972,"""NO",http://dd.eionet.europa.eu/vocabulary/aq/timezone/UTC+01,NO.NILU.AQD,NET_NO030A,STA_NO0128A,NO0128A,1146,SPP_NO0128A_5_2972,SAM_NO0128A_5_2972,http://dd.eionet.europa.eu/vocabulary/aq/pollutant/5,2018-01-24T19:00:00,,EPSG:4979,10.411165,59.26372499952878,100.0,automatic,traffic,rural,yes,http://dd.eionet.europa.eu/vocabulary/aq/measurementequipment/unknown,3,-9900,"-9900""",Nedre Langgate
NO_5_65132,SPO_NO0132A_5_3040,"""NO",http://dd.eionet.europa.eu/vocabulary/aq/timezone/UTC+01,NO.NILU.AQD,NET_NO003A,STA_NO0132A,NO0132A,1152,SPP_NO0132A_5_3040,SAM_NO0132A_5_3040,http://dd.eionet.europa.eu/vocabulary/aq/pollutant/5,2018-11-29T16:00:00,,EPSG:4979,10.82472,59.91415999953474,100.0,automatic,background,suburban,yes,http://dd.eionet.europa.eu/vocabulary/aq/measurementequipment/unknown,3,-9900,"-999""",Bryn skole
NO_5_69326,SPO_NO0134A_5_3121,"""NO",http://dd.eionet.europa.eu/vocabulary/aq/timezone/UTC+01,NO.NILU.AQD,NET_NO008A,STA_NO0134A,NO0134A,1162,SPP_NO0134A_5_3121,SAM_NO0134A_5_3121,http://dd.eionet.europa.eu/vocabulary/aq/pollutant/5,2020-01-16T10:00:00,,EPSG:4979,8.023775,58.16232399951925,10.0,automatic,traffic,rural,yes,http://dd.eionet.europa.eu/vocabulary/aq/measurementequipment/andersenFH62IR,3,-9900,"-9900""",Bjørndalssletta
NO_5_69418,SPO_NO0135A_5_3126,"""NO",http://dd.eionet.europa.eu/vocabulary/aq/timezone/UTC+01,NO.NILU.AQD,NET_NO005A,STA_NO0135A,NO0135A,1164,SPP_NO0135A_5_3126,SAM_NO0135A_5_3126,http://dd.eionet.europa.eu/vocabulary/aq/pollutant/5,2020-02-01T00:00:00,,EPSG:4979,10.165301,59.74952599953322,4.0,automatic,background,suburban,yes,http://dd.eionet.europa.eu/vocabulary/aq/measurementequipment/unknown,3,-9900,"-999""",Backeparken
NO_5_69422,SPO_NO0136A_5_3124,"""NO",http://dd.eionet.europa.eu/vocabulary/aq/timezone/UTC+01,NO.NILU.AQD,NET_NO005A,STA_NO0136A,NO0136A,1163,SPP_NO0136A_5_3124,SAM_NO0136A_5_3124,http://dd.eionet.europa.eu/vocabulary/aq/pollutant/5,2020-02-01T00:00:00,,EPSG:4979,10.144396999999998,59.75361799953324,100.0,automatic,traffic,rural,yes,http://dd.eionet.europa.eu/vocabulary/aq/measurementequipment/unknown,3,-9900,"-9900""",Vårveien
NO_5_70757,SPO_NO0139A_5_3142,"""NO",http://dd.eionet.europa.eu/vocabulary/aq/timezone/UTC+01,NO.NILU.AQD,NET_NO006A,STA_NO0139A,NO0139A,1168,SPP_NO0139A_5_3142,SAM_NO0139A_5_3142,http://dd.eionet.europa.eu/vocabulary/aq/pollutant/5,2020-10-13T17:00:00,,EPSG:4979,10.368372000000004,63.41535799957081,106.0,automatic,traffic,urban,yes,http://dd.eionet.europa.eu/vocabulary/aq/measurementequipment/TEOM1405DF-FDMS,4.5,-9900,"-9900""",Åsveien skole
NO_5_71584,SPO_NO0140A_5_3171,"""NO",http://dd.eionet.europa.eu/vocabulary/aq/timezone/UTC+01,NO.NILU.AQD,NET_NO003A,STA_NO0140A,NO0140A,1172,SPP_NO0140A_5_3171,SAM_NO0140A_5_3171,http://dd.eionet.europa.eu/vocabulary/aq/pollutant/5,2021-02-18T17:00:00,,EPSG:4979,10.735978,59.91405099953472,6.0,automatic,background,urban,yes,http://dd.eionet.europa.eu/vocabulary/aq/measurementequipment/GRIMM-EDM180,5,-9900,"-999""",Spikersuppa
NO_5_73250,SPO_NO0141A_5_3178,"""NO",http://dd.eionet.europa.eu/vocabulary/aq/timezone/UTC+01,NO.NILU.AQD,NET_NO009A,STA_NO0141A,NO0141A,1174,SPP_NO0141A_5_3178,SAM_NO0141A_5_3178,http://dd.eionet.europa.eu/vocabulary/aq/pollutant/5,2021-06-09T13:00:00,,EPSG:4979,5.726498000000001,58.9726489995262,100.0,automatic,background,rural-remote,yes,http://dd.eionet.europa.eu/vocabulary/aq/measurementequipment/unknown,3,-9900,"-999""",Vågen
NO_5_73254,SPO_NO0142A_5_3183,"""NO",http://dd.eionet.europa.eu/vocabulary/aq/timezone/UTC+01,NO.NILU.AQD,NET_NO017A,STA_NO0142A,NO0142A,1175,SPP_NO0142A_5_3183,SAM_NO0142A_5_3183,http://dd.eionet.europa.eu/vocabulary/aq/pollutant/5,2021-07-01T09:00:00,,EPSG:4979,10.575860999999998,59.89882299953459,21.0,automatic,traffic,suburban,yes,http://dd.eionet.europa.eu/vocabulary/aq/measurementequipment/GRIMM-EDM180,3,-9900,"-9900""",E18 Høvik kirke
NO_5_76728,SPO_NO0145A_5_3060,"""NO",http://dd.eionet.europa.eu/vocabulary/aq/timezone/UTC+01,NO.NILU.AQD,NET_NO006A,STA_NO0145A,NO0145A,1155,SPP_NO0145A_5_3060,SAM_NO0145A_5_3060,http://dd.eionet.europa.eu/vocabulary/aq/pollutant/5,2018-11-27T11:00:00,,EPSG:4979,10.444352,63.41049099957075,100.0,automatic,traffic,urban,yes,http://dd.eionet.europa.eu/vocabulary/aq/measurementequipment/unknown,3,-9900,"-9900""",Omkjøringsvegen
NO_5_76730,SPO_NO0146A_5_3145,"""NO",http://dd.eionet.europa.eu/vocabulary/aq/timezone/UTC+01,NO.NILU.AQD,NET_NO003A,STA_NO0146A,NO0146A,1169,SPP_NO0146A_5_3145,SAM_NO0146A_5_3145,http://dd.eionet.europa.eu/vocabulary/aq/pollutant/5,2020-11-13T14:00:00,,EPSG:4979,10.758407999999998,59.90309499953464,5.0,automatic,background,urban,yes,http://dd.eionet.europa.eu/vocabulary/aq/measurementequipment/unknown,3,-9900,"-999""",Loallmenningen
NO_5_76952,SPO_NO0143A_5_3173,"""NO",http://dd.eionet.europa.eu/vocabulary/aq/timezone/UTC+01,NO.NILU.AQD,NET_NO003A,STA_NO0143A,NO0143A,1173,SPP_NO0143A_5_3173,,http://dd.eionet.europa.eu/vocabulary/aq/pollutant/5,EPSG:4979,,,10.766,59.916943999534766,8.6,automatic,traffic,urban,yes,http://dd.eionet.europa.eu/vocabulary/aq/measurementequipment/GRIMM-EDM180,-999,-999,"-999""",Vahl skole
NO_5_76957,SPO_NO0147A_5_3157,"""NO",http://dd.eionet.europa.eu/vocabulary/aq/timezone/UTC+01,NO.NILU.AQD,NET_NO035A,STA_NO0147A,NO0147A,1170,SPP_NO0147A_5_3157,,http://dd.eionet.europa.eu/vocabulary/aq/pollutant/5,EPSG:4979,,,11.042884,59.95831199953515,107.0,automatic,background,urban,yes,http://dd.eionet.europa.eu/vocabulary/aq/measurementequipment/unknown,-999,-999,"-999""",Vollaparken øst
SE_5_30862,SPO-SE0066A_00005_100,"""SE",http://dd.eionet.europa.eu/vocabulary/aq/timezone/UTC+01,SE.NV.AQ,NET-SE0004C,STA-SE0066A,SE0066A,18643,SPP-SE0066A_00005_100_100,SPO_F-SE0066A_00005_100_100,http://dd.eionet.europa.eu/vocabulary/aq/pollutant/5,2005-06-17T01:00:00,2018-10-17T01:00:00,EPSG:4979,18.631314,59.83238199953396,24.0,automatic,background,rural-regional,yes,http://dd.eionet.europa.eu/vocabulary/aq/measurementequipment/TEOM1400AB,3,-999,"-999""",Norr Malma
SE_5_30886,SPO-SE0058A_00005_100,"""SE",http://dd.eionet.europa.eu/vocabulary/aq/timezone/UTC+01,SE.NV.AQ,NET-SE0001C,STA-SE0058A,SE0058A,8813,SPP-SE0058A_00005_100_101,SPO_F-SE0058A_00005_100_101,http://dd.eionet.europa.eu/vocabulary/aq/pollutant/5,2009-01-01T01:00:00,,EPSG:4979,13.00623,55.58474699949976,11.0,automatic,traffic,urban,yes,http://dd.eionet.europa.eu/vocabulary/aq/measurementequipment/TEOM1400AB-FDMS,3,27,"4""",Malmö Dalaplan
SE_5_30902,SPO-SE0022A_00005_100,"""SE",http://dd.eionet.europa.eu/vocabulary/aq/timezone/UTC+01,SE.NV.AQ,NET-SE0004C,STA-SE0022A,SE0022A,8781,SPP-SE0022A_00005_100_100,SPO_F-SE0022A_00005_100_100,http://dd.eionet.europa.eu/vocabulary/aq/pollutant/5,2001-04-01T01:00:00,,EPSG:4979,18.057807,59.31600699952924,58.0,automatic,background,urban,yes,http://dd.eionet.europa.eu/vocabulary/aq/measurementequipment/TEOM1400AB,20,-999,"-999""",Stockholm Torkel Knutssongatan
SE_5_30936,SPO-SE0113A_00005_100,"""SE",http://dd.eionet.europa.eu/vocabulary/aq/timezone/UTC+01,SE.NV.AQ,NET-SE0008C,STA-SE0113A,SE0113A,31916,SPP-SE_Beta_opsisSM200,SPO_F-SE0113A_00005_100_100,http://dd.eionet.europa.eu/vocabulary/aq/pollutant/5,2012-01-01T00:00:00,,EPSG:4979,12.944741000000002,57.72078899951563,143.0,automatic,traffic,urban,yes,http://dd.eionet.europa.eu/vocabulary/aq/measurementequipment/opsisSM200,3,2,"2""",Borås Kungsgatan
SE_5_30950,SPO-SE0021A_00005_100,"""SE",http://dd.eionet.europa.eu/vocabulary/aq/timezone/UTC+01,SE.NV.AQ,NET-SE0007C,STA-SE0021A,SE0021A,9028,SPP-SE_TEOM_TEOM1400,SPO_F-SE0021A_00005_100_100,http://dd.eionet.europa.eu/vocabulary/aq/pollutant/5,2000-01-01T00:00:00,,EPSG:4979,11.994604000000002,57.70093699951548,4.8,automatic,traffic,urban,yes,http://dd.eionet.europa.eu/vocabulary/aq/measurementequipment/TEOM1400,2.5,70,"8""",Göteborg Gårda
SE_5_30965,SPO-SE0106A_00005_100,"""SE",http://dd.eionet.europa.eu/vocabulary/aq/timezone/UTC+01,SE.NV.AQ,NET-SE0012C,STA-SE0106A,SE0106A,19921,SPP-SE0106A_00005_100_100,SPO_F-SE0106A_00005_100_100,http://dd.eionet.europa.eu/vocabulary/aq/pollutant/5,2008-01-01T01:00:00,,EPSG:4979,18.716063,63.29137499956939,10.0,active,traffic,urban,inprogress,3,1,"4""",,Örnsköldsvik Centralesplanaden 15C
SE_5_30985,SPO-SE0071A_00005_100,"""SE",http://dd.eionet.europa.eu/vocabulary/aq/timezone/UTC+01,SE.NV.AQ,NET-SE0004C,STA-SE0071A,SE0071A,20415,SPP-SE0071A_00005_100_101,SPO_F-SE0071A_00005_100_100,http://dd.eionet.europa.eu/vocabulary/aq/pollutant/5,2014-03-05T01:00:00,,EPSG:4979,17.922358,59.4435349995304,34.0,automatic,traffic,urban,yes,http://dd.eionet.europa.eu/vocabulary/aq/measurementequipment/GRIMM-EDM180,3,30,"12""",Sollentuna E4 Häggvik
SE_5_30996,SPO-SE0087A_00005_100,"""SE",http://dd.eionet.europa.eu/vocabulary/aq/timezone/UTC+01,SE.NV.AQ,NET-SE0004C,STA-SE0087A,SE0087A,18644,SPP-SE_TEOM_TEOM1400,SPO_F-SE0087A_00005_100_100,http://dd.eionet.europa.eu/vocabulary/aq/pollutant/5,2006-01-01T00:00:00,,EPSG:4979,18.004391,59.32552599952933,16.0,automatic,traffic,urban,yes,http://dd.eionet.europa.eu/vocabulary/aq/measurementequipment/TEOM1400,2,30,"3""",Stockholm E4/E20 Lilla Essingen
SE_5_31002,SPO-SE0059A_00005_100,"""SE",http://dd.eionet.europa.eu/vocabulary/aq/timezone/UTC+01,SE.NV.AQ,NET-SE2480A,STA-SE0059A,SE0059A,13532,SPP-SE_TEOM_TEOM1400,SPO_F-SE0059A_00005_100_100,http://dd.eionet.europa.eu/vocabulary/aq/pollutant/5,2006-01-01T01:00:00,2016-01-01T01:00:00,EPSG:4979,20.258491000000003,63.8288589995755,15.0,automatic,traffic,urban,yes,http://dd.eionet.europa.eu/vocabulary/aq/measurementequipment/TEOM1400,4,3,"1""",Umeå Västra Esplanaden
SE_5_31023,SPO-SE0014R_00005_100,"""SE",http://dd.eionet.europa.eu/vocabulary/aq/timezone/UTC+01,SE.NV.AQ,NET-SE0005C,STA-SE0014R,SE0014R,8105,SPP-SE0014R_00005_100_100,SPO_F-SE0014R_00005_100_100,http://dd.eionet.europa.eu/vocabulary/aq/pollutant/5,2005-12-04T01:00:00,2017-12-31T01:00:00,EPSG:4979,11.914179999999998,57.39361199951304,2.0,active,background,rural,inprogress,3,-999,"-999""",,Råö
SE_5_31026,SPO-SE0003A_00005_100,"""SE",http://dd.eionet.europa.eu/vocabulary/aq/timezone/UTC+01,SE.NV.AQ,NET-SE0004C,STA-SE0003A,SE0003A,8780,SPP-SE0003A_00005_100_100,SPO_F-SE0003A_00005_100_100,http://dd.eionet.europa.eu/vocabulary/aq/pollutant/5,2002-02-12T01:00:00,2018-10-17T01:00:00,EPSG:4979,18.048660000000005,59.31722199952927,24.0,automatic,traffic,urban,yes,http://dd.eionet.europa.eu/vocabulary/aq/measurementequipment/TEOM1400AB,3,3,"0.5""",Stockholm Hornsgatan 108 Gata
SE_5_31069,SPO-SE0067A_00005_100,"""SE",http://dd.eionet.europa.eu/vocabulary/aq/timezone/UTC+01,SE.NV.AQ,NET-SE0007C,STA-SE0067A,SE0067A,11636,SPP-SE_TEOM_TEOM1400,SPO_F-SE0067A_00005_100_100,http://dd.eionet.europa.eu/vocabulary/aq/pollutant/5,2002-01-01T00:00:00,,EPSG:4979,11.960547,57.69785799951545,9.3,automatic,traffic,urban,yes,http://dd.eionet.europa.eu/vocabulary/aq/measurementequipment/TEOM1400,2.5,0,"5""",Göteborg Haga
SE_5_31082,SPO-SE0004A_00005_100,"""SE",http://dd.eionet.europa.eu/vocabulary/aq/timezone/UTC+01,SE.NV.AQ,NET-SE0005C,STA-SE0004A,SE0004A,8577,SPP-SE_TEOM_TEOM1405DF,SPO_F-SE0004A_00005_101_101,http://dd.eionet.europa.eu/vocabulary/aq/pollutant/5,2014-02-12T00:00:00,,EPSG:4979,11.970241,57.709019999515526,31.3,automatic,background,urban,http://dd.eionet.europa.eu/vocabulary/aq/measurementequipment/TEOM1405DF-FDMS,30,-999,"-999""",,Göteborg Femman
SE_5_31088,SPO-SE0001A_00005_100,"""SE",http://dd.eionet.europa.eu/vocabulary/aq/timezone/UTC+01,SE.NV.AQ,NET-SE0001C,STA-SE0001A,SE0001A,8773,SPP-SE0001A_00005_100_102,SPO_F-SE0001A_00005_100_101,http://dd.eionet.europa.eu/vocabulary/aq/pollutant/5,2013-01-01T01:00:00,,EPSG:4979,13.001964,55.60638799949989,25.0,automatic,background,urban,yes,http://dd.eionet.europa.eu/vocabulary/aq/measurementequipment/TEOM1405F-FDMS,20,-999,"-999""",Malmö Rådhuset
SE_5_31104,SPO-SE0072A_00005_100,"""SE",http://dd.eionet.europa.eu/vocabulary/aq/timezone/UTC+01,SE.NV.AQ,NET-SE0004C,STA-SE0072A,SE0072A,20416,SPP-SE_TEOM_TEOM1400AB,SPO_F-SE0072A_00005_100_100,http://dd.eionet.europa.eu/vocabulary/aq/pollutant/5,2007-01-01T00:00:00,,EPSG:4979,17.621084,59.198114999528165,28.0,automatic,traffic,urban,yes,http://dd.eionet.europa.eu/vocabulary/aq/measurementequipment/TEOM1400AB,2,2.5,"2.5""",Södertälje Turingegatan 26
SE_5_31107,SPO-SE0091A_00005_100,"""SE",http://dd.eionet.europa.eu/vocabulary/aq/timezone/UTC+01,SE.NV.AQ,NET-SE2482A,STA-SE0091A,SE0091A,32421,SPP-SE0091A_00005_100_100,SPO_F-SE0091A_00005_100_100,http://dd.eionet.europa.eu/vocabulary/aq/pollutant/5,2011-01-01T01:00:00,2021-06-01T01:00:00,EPSG:4979,20.960501000000004,64.75050399958594,10.0,automatic,traffic,urban,yes,http://dd.eionet.europa.eu/vocabulary/aq/measurementequipment/opsisSM200,3.6,5.2,"2.3""",Skellefteå Viktoriagatan
SE_5_31111,SPO-SE0095A_00005_100,"""SE",http://dd.eionet.europa.eu/vocabulary/aq/timezone/UTC+01,SE.NV.AQ,NET-SE0012C,STA-SE0095A,SE0095A,32423,SPP-SE_TEOM_TEOM1400A,SPO_F-SE0095A_00005_100_100,http://dd.eionet.europa.eu/vocabulary/aq/pollutant/5,2011-02-21T01:00:00,2014-01-01T01:00:00,EPSG:4979,17.30889,62.38855999955954,7.0,automatic,traffic,urban,no,http://dd.eionet.europa.eu/vocabulary/aq/measurementequipment/TEOM1400A,2.8,1,"2""",Sundsvall Köpmangatan
SE_5_31124,SPO-SE0005R_00005_100,"""SE",http://dd.eionet.europa.eu/vocabulary/aq/timezone/UTC+01,SE.NV.AQ,NET-SE0005C,STA-SE0005R,SE0005R,102,SPP-SE0005R_00005_100_101,SPO_F-SE0005R_00005_100_100,http://dd.eionet.europa.eu/vocabulary/aq/pollutant/5,2018-01-11T01:00:00,,EPSG:4979,15.31973,63.845496999575694,380.0,automatic,background,rural,yes,http://dd.eionet.europa.eu/vocabulary/aq/measurementequipment/GRIMM-EDM180MC,3,-999,"-999""",Bredkälen
SE_5_31143,SPO-SE0093A_00005_100,"""SE",http://dd.eionet.europa.eu/vocabulary/aq/timezone/UTC+01,SE.NV.AQ,NET-SE1380A,STA-SE0093A,SE0093A,21758,SPP-SE_Beta_opsisSM200,SPO_F-SE0093A_00005_100_100,http://dd.eionet.europa.eu/vocabulary/aq/pollutant/5,2007-01-06T01:00:00,2013-12-31T01:00:00,EPSG:4979,12.863374,56.67205799950749,6.0,automatic,traffic,urban,yes,http://dd.eionet.europa.eu/vocabulary/aq/measurementequipment/opsisSM200,4,6,"3""",Halmstad Viktoriagatan
SE_5_31201,SPO-SE0027A_00005_100,"""SE",http://dd.eionet.europa.eu/vocabulary/aq/timezone/UTC+01,SE.NV.AQ,NET-SE0004C,STA-SE0027A,SE0027A,8779,SPP-SE_TEOM_TEOM1400,SPO_F-SE0027A_00005_100_100,http://dd.eionet.europa.eu/vocabulary/aq/pollutant/5,2002-01-01T00:00:00,,EPSG:4979,18.058254,59.34082699952947,8.0,automatic,traffic,urban,yes,http://dd.eionet.europa.eu/vocabulary/aq/measurementequipment/TEOM1400,3,4.5,"1""",Stockholm Sveavägen 59 Gata
SE_5_31212,SPO-SE0092A_00005_100,"""SE",http://dd.eionet.europa.eu/vocabulary/aq/timezone/UTC+01,SE.NV.AQ,NET-SE0004C,STA-SE0092A,SE0092A,24987,SPP-SE0092A_00005_100_101,SPO_F-SE0092A_00005_100_100,http://dd.eionet.europa.eu/vocabulary/aq/pollutant/5,2020-11-20T01:00:00,2021-11-22T01:00:00,EPSG:4979,15.630535000000002,58.41096499952133,48.0,automatic,traffic,urban,yes,http://dd.eionet.europa.eu/vocabulary/aq/measurementequipment/GRIMM-EDM180,3,3,"1""",Linköping Hamngatan 16
SE_5_33462,SPO-SE0114A_00005_100,"""SE",http://dd.eionet.europa.eu/vocabulary/aq/timezone/UTC+01,SE.NV.AQ,NET-SE0004C,STA-SE0114A,SE0114A,36242,SPP-SE0114A_00005_101_100,,http://dd.eionet.europa.eu/vocabulary/aq/pollutant/5,EPSG:4979,,,17.634752,59.20134099952823,37.0,traffic,urban,-999,-999,"-999""",,,,Södertälje Birkakorset
SE_5_53158,SPO-SE30312_00005_100,"""SE",http://dd.eionet.europa.eu/vocabulary/aq/timezone/UTC+01,SE.NV.AQ,NET-SE0010C,STA-SE30312,SE30312,30312,SPP-SE30312_00005_100_100,SPO_F-SE30312_00005_100_100,http://dd.eionet.europa.eu/vocabulary/aq/pollutant/5,2010-01-01T01:00:00,2020-12-31T01:00:00,EPSG:4979,16.192314,58.59597399952292,6.0,automatic,traffic,urban,yes,http://dd.eionet.europa.eu/vocabulary/aq/measurementequipment/TEOM1400,2.3,25,"2""",Norrköping Packhusgatan
SE_5_53163,SPO-SE36365_00005_100,"""SE",http://dd.eionet.europa.eu/vocabulary/aq/timezone/UTC+01,SE.NV.AQ,NET-SE0011C,STA-SE36365,SE36365,36365,SPP-SE36365_00005_100_100,SPO_F-SE36365_00005_100_100,http://dd.eionet.europa.eu/vocabulary/aq/pollutant/5,2013-06-25T01:00:00,,EPSG:4979,14.173671000000002,57.78156799951612,90.0,automatic,background,urban,yes,http://dd.eionet.europa.eu/vocabulary/aq/measurementequipment/opsisSM200,3,-999,"-999""",Jönköping Lantmätaregränd
SE_5_53201,SPO-SE0056A_00005_101,"""SE",http://dd.eionet.europa.eu/vocabulary/aq/timezone/UTC+01,SE.NV.AQ,NET-SE0001C,STA-SE0056A,SE0056A,9611,SPP-SE0056A_00005_101_100,SPO_F-SE0056A_00005_101_100,http://dd.eionet.europa.eu/vocabulary/aq/pollutant/5,2013-01-01T01:00:00,,EPSG:4979,12.833638,55.87742899950177,10.0,automatic,traffic,urban,yes,http://dd.eionet.europa.eu/vocabulary/aq/measurementequipment/opsisSM200,3,1,"2""",Landskrona Eriksgatan
SE_5_53230,SPO-SE36364_00005_100,"""SE",http://dd.eionet.europa.eu/vocabulary/aq/timezone/UTC+01,SE.NV.AQ,NET-SE1880A,STA-SE36364,SE36364,36364,SPP-SE36364_00005_100_100,SPO_F-SE36364_00005_100_100,http://dd.eionet.europa.eu/vocabulary/aq/pollutant/5,2013-01-01T01:00:00,,EPSG:4979,15.214897,59.26831999952882,26.0,automatic,traffic,urban,yes,http://dd.eionet.europa.eu/vocabulary/aq/measurementequipment/opsisSM200,2.5,5,"9""",Örebro Rudbecksskolan
SE_5_56159,SPO-SE155531_00005_100,"""SE",http://dd.eionet.europa.eu/vocabulary/aq/timezone/UTC+01,SE.NV.AQ,NET-SE0001C,STA-SE155531,E155531,155531,SPP-SE155531_00005_100_100,SPO_F-SE155531_00005_100_100,http://dd.eionet.europa.eu/vocabulary/aq/pollutant/5,2016-01-01T01:00:00,,EPSG:4979,13.157458,55.37287499949833,1.7,automatic,traffic,urban,yes,http://dd.eionet.europa.eu/vocabulary/aq/measurementequipment/opsisSM200,3.85,26.5,"4.8""",Trelleborg Hamngatan
SE_5_56166,SPO-SE155530_00005_100,"""SE",http://dd.eionet.europa.eu/vocabulary/aq/timezone/UTC+01,SE.NV.AQ,NET-SE0003C,STA-SE155530,E155530,155530,SPP-SE155530_00005_100_100,SPO_F-SE155530_00005_100_100,http://dd.eionet.europa.eu/vocabulary/aq/pollutant/5,2017-03-02T01:00:00,,EPSG:4979,16.55046,59.60987099953191,23.0,automatic,traffic,urban,yes,http://dd.eionet.europa.eu/vocabulary/aq/measurementequipment/FIDAS200,4,43,"13""",Västerås Melkertorget
SE_5_56167,SPO-SE156417_00005_100,"""SE",http://dd.eionet.europa.eu/vocabulary/aq/timezone/UTC+01,SE.NV.AQ,NET-SE0004C,STA-SE156417,E156417,156417,SPP-SE156417_00005_100_100,SPO_F-SE156417_00005_100_100,http://dd.eionet.europa.eu/vocabulary/aq/pollutant/5,2017-02-02T01:00:00,,EPSG:4979,17.646309,59.8570939995342,15.0,automatic,traffic,urban,yes,http://dd.eionet.europa.eu/vocabulary/aq/measurementequipment/GRIMM-EDM180,2.7,3,"2""",Uppsala Kungsgatan 67
SE_5_56190,SPO-SE38350_00005_100,"""SE",http://dd.eionet.europa.eu/vocabulary/aq/timezone/UTC+01,SE.NV.AQ,NET-SE0001C,STA-SE38350,SE38350,38350,SPP-SE38350_00005_100_100,SPO_F-SE38350_00005_100_100,http://dd.eionet.europa.eu/vocabulary/aq/pollutant/5,2015-04-09T01:00:00,,EPSG:4979,13.180275,55.70333599950057,40.0,automatic,traffic,urban,yes,http://dd.eionet.europa.eu/vocabulary/aq/measurementequipment/TEOM1400AB,3,15,"3.5""",Lund Trollebergsvägen
SE_5_58078,SPO-SE36245_00005_100,"""SE",http://dd.eionet.europa.eu/vocabulary/aq/timezone/UTC+01,SE.NV.AQ,NET-SE0004C,STA-SE36245,SE36245,36245,SPP-SE36245_00005_100_100,SPO_F-SE36245_00005_100_100,http://dd.eionet.europa.eu/vocabulary/aq/pollutant/5,2013-01-25T01:00:00,,EPSG:4979,17.147120000000005,60.67154899954196,10.0,automatic,traffic,urban,yes,http://dd.eionet.europa.eu/vocabulary/aq/measurementequipment/TEOM1400AB,2.5,4,"2.5""",Gävle Södra Kungsgatan 12
SE_5_58082,SPO-SE37479_00005_100,"""SE",http://dd.eionet.europa.eu/vocabulary/aq/timezone/UTC+01,SE.NV.AQ,NET-SE0004C,STA-SE37479,SE37479,37479,SPP-SE37479_00005_100_100,SPO_F-SE37479_00005_100_100,http://dd.eionet.europa.eu/vocabulary/aq/pollutant/5,2014-06-24T01:00:00,,EPSG:4979,17.919923000000004,59.48899899953082,39.0,automatic,traffic,urban,yes,http://dd.eionet.europa.eu/vocabulary/aq/measurementequipment/GRIMM-EDM180,3,32,"25""",Sollentuna Ekmans Väg 11
SE_5_58130,SPO-SE09569_00005_100,"""SE",http://dd.eionet.europa.eu/vocabulary/aq/timezone/UTC+01,SE.NV.AQ,NET-SE0012C,STA-SE09569,SE09569,9569,SPP-SE09569_00005_100_100,SPO_F-SE09569_00005_100_100,http://dd.eionet.europa.eu/vocabulary/aq/pollutant/5,2016-10-20T01:00:00,2018-08-08T01:00:00,EPSG:4979,17.303233999999996,62.38646199955952,20.0,automatic,traffic,urban,no,http://dd.eionet.europa.eu/vocabulary/aq/measurementequipment/TEOM1400A,2.8,0.5,"2""",Sundsvall Bergsgatan
SE_5_61462,SPO-SE135020_00005_100,"""SE",http://dd.eionet.europa.eu/vocabulary/aq/timezone/UTC+01,SE.NV.AQ,NET-SE0002C,STA-SE135020,E135020,135020,SPP-SE135020_00005_100,SPO_F-SE135020_00005_100_100,http://dd.eionet.europa.eu/vocabulary/aq/pollutant/5,2016-06-21T01:00:00,,EPSG:4979,13.498061999999996,59.37818499952981,47.0,automatic,traffic,urban,yes,http://dd.eionet.europa.eu/vocabulary/aq/measurementequipment/opsisSM200,3.85,20,"3.5""",Karlstad Hamngatan - Järnvägsstationen
SE_5_61484,SPO-SE157868_00005_100,"""SE",http://dd.eionet.europa.eu/vocabulary/aq/timezone/UTC+01,SE.NV.AQ,NET-SE0011C,STA-SE157868,E157868,157868,SPP-SE157868_00005_100_100,SPO_F-SE157868_00005_100_100,http://dd.eionet.europa.eu/vocabulary/aq/pollutant/5,2018-01-01T01:00:00,,EPSG:4979,14.159519,57.7782389995161,97.5,automatic,traffic,urban,yes,http://dd.eionet.europa.eu/vocabulary/aq/measurementequipment/opsisSM200,3.9,3,"7""",Jönköping Kungsgatan 2A
SE_5_61623,SPO-SE0045A_00005_101,"""SE",http://dd.eionet.europa.eu/vocabulary/aq/timezone/UTC+01,SE.NV.AQ,NET-SE0008C,STA-SE0045A,SE0045A,137,SPP-SE0045A_00005_101_100,SPO_F-SE0045A_00005_100_100,http://dd.eionet.europa.eu/vocabulary/aq/pollutant/5,2016-01-04T01:00:00,,EPSG:4979,13.821763,58.709758999523885,55.0,active,background,urban,inprogress,3.6,-999,"-999""",,Mariestad Kyrkogatan
SE_5_61705,SPO-SE157993_00005_100,"""SE",http://dd.eionet.europa.eu/vocabulary/aq/timezone/UTC+01,SE.NV.AQ,NET-SE0004C,STA-SE157993,E157993,157993,SPP-SE157993_00005_100_100,SPO_F-SE157993_00005_100_100,http://dd.eionet.europa.eu/vocabulary/aq/pollutant/5,2017-06-16T01:00:00,,EPSG:4979,18.004039000000002,59.31329999952922,37.0,automatic,traffic,urban,yes,http://dd.eionet.europa.eu/vocabulary/aq/measurementequipment/TEOM1400AB,2,50,"11""",Stockholm E4 Skonertvägen
SE_5_62231,SPO-SE157992_00005_100,"""SE",http://dd.eionet.europa.eu/vocabulary/aq/timezone/UTC+01,SE.NV.AQ,NET-SE0004C,STA-SE157992,E157992,157992,SPP-SE157992_00005_100_100,SPO_F-SE157992_00005_100_100,http://dd.eionet.europa.eu/vocabulary/aq/pollutant/5,2018-01-01T01:00:00,,EPSG:4979,18.037016,59.34049999952947,17.0,automatic,traffic,urban,yes,http://dd.eionet.europa.eu/vocabulary/aq/measurementequipment/GRIMM-EDM180,3,4.5,"2""",Stockholm St Eriksgatan 83
SE_5_62469,SPO-SE159388_00005_100,"""SE",http://dd.eionet.europa.eu/vocabulary/aq/timezone/UTC+01,SE.NV.AQ,NET-SE0005C,STA-SE159388,E159388,159388,SPP-SE159388_00005_100_100,SPO_F-SE159388_00005_100_100,http://dd.eionet.europa.eu/vocabulary/aq/pollutant/5,2018-02-02T01:00:00,,EPSG:4979,17.505278,60.08583299953635,45.0,automatic,background,rural-regional,yes,http://dd.eionet.europa.eu/vocabulary/aq/measurementequipment/TEOM1400AB-FDMS,5,-999,"-999""",Norunda Stenen
SE_5_62474,SPO-SE159402_00005_100,"""SE",http://dd.eionet.europa.eu/vocabulary/aq/timezone/UTC+01,SE.NV.AQ,NET-SE0004C,STA-SE159402,E159402,159402,SPP-SE159402_00005_100_100,SPO_F-SE159402_00005_100_100,http://dd.eionet.europa.eu/vocabulary/aq/pollutant/5,2018-01-25T01:00:00,,EPSG:4979,17.954993,59.44592199953042,14.0,automatic,traffic,urban,yes,http://dd.eionet.europa.eu/vocabulary/aq/measurementequipment/GRIMM-EDM180,3,25,"5""",Sollentuna Danderydsvägen
SE_5_62476,SPO-SE159403_00005_100,"""SE",http://dd.eionet.europa.eu/vocabulary/aq/timezone/UTC+01,SE.NV.AQ,NET-SE0004C,STA-SE159403,E159403,159403,SPP-SE159403_00005_100_100,SPO_F-SE159403_00005_100_100,http://dd.eionet.europa.eu/vocabulary/aq/pollutant/5,2018-03-29T01:00:00,,EPSG:4979,18.077138000000005,59.31460299952922,26.0,automatic,traffic,urban,yes,http://dd.eionet.europa.eu/vocabulary/aq/measurementequipment/TEOM1400AB,2.5,4,"1""",Stockholm Folkungagatan 70
SE_5_62479,SPO-SE159404_00005_100,"""SE",http://dd.eionet.europa.eu/vocabulary/aq/timezone/UTC+01,SE.NV.AQ,NET-SE0004C,STA-SE159404,E159404,159404,SPP-SE159404_00005_100_100,SPO_F-SE159404_00005_100_100,http://dd.eionet.europa.eu/vocabulary/aq/pollutant/5,2018-04-01T01:00:00,,EPSG:4979,17.637597000000003,59.86052099953423,23.0,automatic,background,urban,yes,http://dd.eionet.europa.eu/vocabulary/aq/measurementequipment/GRIMM-EDM180,22,-999,"-999""",Uppsala Dragarbrunnsgatan 23 tak
SE_5_64030,SPO-SE9841_00005_100,"""SE",http://dd.eionet.europa.eu/vocabulary/aq/timezone/UTC+01,SE.NV.AQ,NET-SE0013C,STA-SE9841,SE9841,9841,SPP-SE9841_00005_100_100,SPO_F-SE9841_00005_100_100,http://dd.eionet.europa.eu/vocabulary/aq/pollutant/5,2012-01-01T01:00:00,,EPSG:4979,14.802351000000002,56.88107299950907,165.0,active,background,urban,inprogress,10,-999,"-999""",,Växjö Kommunhusets tak
SE_5_64033,SPO-SE36199_00005_101,"""SE",http://dd.eionet.europa.eu/vocabulary/aq/timezone/UTC+01,SE.NV.AQ,NET-SE0013C,STA-SE36199,SE36199,36199,SPP-SE36199_00005_101_100,SPO_F-SE36199_00005_101_100,http://dd.eionet.europa.eu/vocabulary/aq/pollutant/5,2017-01-10T01:00:00,,EPSG:4979,13.941988999999998,56.83478499950871,137.0,active,traffic,urban,inprogress,3.2,17.5,"6.6""",,Ljungby Föreningsgatan Oxtorget
SE_5_64046,SPO-SE0098A_00005_101,"""SE",http://dd.eionet.europa.eu/vocabulary/aq/timezone/UTC+01,SE.NV.AQ,NET-SE2584A,STA-SE0098A,SE0098A,13687,SPP-SE0098A_00005_101_100,SPO_F-SE0098A_00005_101_100,http://dd.eionet.europa.eu/vocabulary/aq/pollutant/5,2017-02-07T01:00:00,,EPSG:4979,20.229993000000004,67.85579399962553,530.0,active,background,urban,inprogress,3.5,-999,"-999""",,Kiruna Centralskolan
SE_5_64094,SPO-SE31752_00005_100,"""SE",http://dd.eionet.europa.eu/vocabulary/aq/timezone/UTC+01,SE.NV.AQ,NET-SE2581A,STA-SE31752,SE31752,31752,SPP-SE31752_00005_100_100,SPO_F-SE31752_00005_100_100,http://dd.eionet.europa.eu/vocabulary/aq/pollutant/5,2012-10-02T01:00:00,,EPSG:4979,21.479167,65.31810999959283,8.5,active,traffic,urban,inprogress,3,1,"4""",,Piteå Prästgårdsgatan
SE_5_64458,SPO-SE0116A_00005_100,"""SE",http://dd.eionet.europa.eu/vocabulary/aq/timezone/UTC+01,SE.NV.AQ,NET-SE0005C,STA-SE0116A,SE0116A,37089,SPP-SE0116A_00005_100_100,SPO_F-SE0116A_00005_100_100,http://dd.eionet.europa.eu/vocabulary/aq/pollutant/5,2018-05-09T01:00:00,,EPSG:4979,13.148551,56.04242599950293,187.0,automatic,background,rural-regional,yes,http://dd.eionet.europa.eu/vocabulary/aq/measurementequipment/FIDAS200,5,-999,"-999""",Hallahus
SE_5_65053,SPO-SE165095_00005_100,"""SE",http://dd.eionet.europa.eu/vocabulary/aq/timezone/UTC+01,SE.NV.AQ,NET-SE0009C,STA-SE165095,E165095,165095,SPP-SE165095_00005_100_100,SPO_F-SE165095_00005_100_100,http://dd.eionet.europa.eu/vocabulary/aq/pollutant/5,2019-01-24T01:00:00,,EPSG:4979,15.989098,60.2814019995382,107.5,automatic,traffic,urban,yes,http://dd.eionet.europa.eu/vocabulary/aq/measurementequipment/FIDAS200,3,14,"3""",Hedemora Gussarvsgatan
SE_5_66297,SPO-SE32288_00005_100,"""SE",http://dd.eionet.europa.eu/vocabulary/aq/timezone/UTC+01,SE.NV.AQ,NET-SE0014C,STA-SE32288,SE32288,32288,SPP-SE32288_00005_100_100,SPO_F-SE32288_00005_100_100,http://dd.eionet.europa.eu/vocabulary/aq/pollutant/5,2014-01-01T01:00:00,,EPSG:4979,15.588941000000002,56.1640109995038,4.5,automatic,traffic,urban,yes,http://dd.eionet.europa.eu/vocabulary/aq/measurementequipment/TEOM1400AB,1.7,1,"5""",Karlskrona N Smedjegatan Ö Köpmansgatan
SE_5_68564,SPO-SE164905_00005_100,"""SE",http://dd.eionet.europa.eu/vocabulary/aq/timezone/UTC+01,SE.NV.AQ,NET-SE0004C,STA-SE164905,E164905,164905,SPP-SE164905_00005_100_100,SPO_F-SE164905_00005_100_100,http://dd.eionet.europa.eu/vocabulary/aq/pollutant/5,2019-01-01T01:00:00,,EPSG:4979,17.996862,59.36511699952969,29.0,automatic,traffic,urban,yes,http://dd.eionet.europa.eu/vocabulary/aq/measurementequipment/GRIMM-EDM180,3,3,"1""",Solna Råsundavägen 107
SE_5_69225,SPO-SE181002_00005_100,"""SE",http://dd.eionet.europa.eu/vocabulary/aq/timezone/UTC+01,SE.NV.AQ,NET-SE0013C,STA-SE181002,E181002,181002,SPP-SE181002_00005_100_100,SPO_F-SE181002_00005_100_100,http://dd.eionet.europa.eu/vocabulary/aq/pollutant/5,2020-01-01T01:00:00,,EPSG:4979,14.799273,56.87988199950906,163.5,automatic,traffic,urban,yes,http://dd.eionet.europa.eu/vocabulary/aq/measurementequipment/GRIMM-EDM180MC,2,0.5,"4""",Växjö Liedbergsgatan 11
SE_5_69333,SPO-SE135019_00005_101,"""SE",http://dd.eionet.europa.eu/vocabulary/aq/timezone/UTC+01,SE.NV.AQ,NET-SE0014C,STA-SE135019,E135019,135019,SPP-SE135019_00005_101_100,SPO_F-SE135019_00005_101_100,http://dd.eionet.europa.eu/vocabulary/aq/pollutant/5,2020-01-01T01:00:00,,EPSG:4979,14.857173,56.17713799950388,5.0,automatic,traffic,urban,yes,http://dd.eionet.europa.eu/vocabulary/aq/measurementequipment/TEOM1400AB,2,12,"10""",Karlshamn Erik Dahlbergsvägen - Prinsgatan
SE_5_69403,SPO-SE0085A_00005_101,"""SE",http://dd.eionet.europa.eu/vocabulary/aq/timezone/UTC+01,SE.NV.AQ,NET-SE0001C,STA-SE0085A,SE0085A,11622,SPP-SE0085A_00005_101_100,SPO_F-SE0085A_00005_101_100,http://dd.eionet.europa.eu/vocabulary/aq/pollutant/5,2019-12-31T01:00:00,,EPSG:4979,12.691633,56.04718499950297,3.0,automatic,traffic,urban,yes,http://dd.eionet.europa.eu/vocabulary/aq/measurementequipment/FIDAS200,3,7,"1.5""",Helsingborg Drottninggatan
SE_5_69406,SPO-SE181259_00005_100,"""SE",http://dd.eionet.europa.eu/vocabulary/aq/timezone/UTC+01,SE.NV.AQ,NET-SE2380A,STA-SE181259,E181259,181259,SPP-SE181259_00005_100_100,SPO_F-SE181259_00005_100_100,http://dd.eionet.europa.eu/vocabulary/aq/pollutant/5,2020-01-14T01:00:00,,EPSG:4979,14.641086,63.17390899956809,312.0,automatic,traffic,urban,yes,http://dd.eionet.europa.eu/vocabulary/aq/measurementequipment/FIDAS200S,3,0.8,"2.5""",Östersund Rådhusgatan
SE_5_69415,SPO-SE181993_00005_100,"""SE",http://dd.eionet.europa.eu/vocabulary/aq/timezone/UTC+01,SE.NV.AQ,NET-SE0017C,STA-SE181993,E181993,181993,SPP-SE181993_00005_100_100,SPO_F-SE181993_00005_100_100,http://dd.eionet.europa.eu/vocabulary/aq/pollutant/5,2020-01-24T01:00:00,,EPSG:4979,16.333621,56.66418999950742,7.0,automatic,traffic,urban,yes,http://dd.eionet.europa.eu/vocabulary/aq/measurementequipment/FIDAS200,7,0,"3.8""",Kalmar Södra Vägen
SE_5_69430,SPO-SE159388_00005_101,"""SE",http://dd.eionet.europa.eu/vocabulary/aq/timezone/UTC+01,SE.NV.AQ,NET-SE0005C,STA-SE159388,E159388,159388,SPP-SE159388_00005_101_100,SPO_F-SE159388_00005_101_100,http://dd.eionet.europa.eu/vocabulary/aq/pollutant/5,2019-03-19T01:00:00,,EPSG:4979,17.505278,60.08583299953635,45.0,automatic,background,rural-regional,yes,http://dd.eionet.europa.eu/vocabulary/aq/measurementequipment/FIDAS200,5,-999,"-999""",Norunda Stenen
SE_5_69533,SPO-SE181001_00005_100,"""SE",http://dd.eionet.europa.eu/vocabulary/aq/timezone/UTC+01,SE.NV.AQ,NET-SE0010C,STA-SE181001,E181001,181001,SPP-SE181001_00005_100_100,SPO_F-SE181001_00005_100_100,http://dd.eionet.europa.eu/vocabulary/aq/pollutant/5,2020-01-07T01:00:00,2020-12-31T01:00:00,EPSG:4979,16.176982,58.58762299952285,23.0,automatic,traffic,urban,no,http://dd.eionet.europa.eu/vocabulary/aq/measurementequipment/TEOM1400,1.9,0.3,"5""",Norrköping Kungsgatan 67
SE_5_70976,SPO-SE274953_00005_100,"""SE",http://dd.eionet.europa.eu/vocabulary/aq/timezone/UTC+01,SE.NV.AQ,NET-SE2482A,STA-SE274953,E274953,274953,SPP-SE274953_00005_100_100,SPO_F-SE274953_00005_100_100,http://dd.eionet.europa.eu/vocabulary/aq/pollutant/5,2020-12-03T01:00:00,,EPSG:4979,20.960068000000007,64.74953099958591,26.0,automatic,traffic,urban,yes,http://dd.eionet.europa.eu/vocabulary/aq/measurementequipment/horibaAPDA372,2.5,0.5,"5.8""",Skellefteå Kv Pantern
SE_5_71509,SPO-SE301113_00005_100,"""SE",http://dd.eionet.europa.eu/vocabulary/aq/timezone/UTC+01,SE.NV.AQ,NET-SE0004C,STA-SE301113,E301113,301113,SPP-SE301113_00005_100_100,SPO_F-SE301113_00005_100_100,http://dd.eionet.europa.eu/vocabulary/aq/pollutant/5,2021-01-01T01:00:00,,EPSG:4979,16.189333,58.59203899952289,28.0,automatic,background,urban,yes,http://dd.eionet.europa.eu/vocabulary/aq/measurementequipment/GRIMM-EDM180MC,24,-999,"-999""",Norrköping Trädgårdsgatan 21
SE_5_71510,SPO-SE301111_00005_100,"""SE",http://dd.eionet.europa.eu/vocabulary/aq/timezone/UTC+01,SE.NV.AQ,NET-SE0004C,STA-SE301111,E301111,301111,SPP-SE301111_00005_100_100,SPO_F-SE301111_00005_100_100,http://dd.eionet.europa.eu/vocabulary/aq/pollutant/5,2021-01-01T01:00:00,,EPSG:4979,16.177875000000004,58.59151599952288,20.0,automatic,traffic,urban,yes,http://dd.eionet.europa.eu/vocabulary/aq/measurementequipment/GRIMM-EDM180MC,3,7,"3""",Norrköping Kungsgatan 32
SE_5_71556,SPO-SE274590_00005_100,"""SE",http://dd.eionet.europa.eu/vocabulary/aq/timezone/UTC+01,SE.NV.AQ,NET-SE0007C,STA-SE274590,E274590,274590,SPP-SE274590_00005_100_100,SPO_F-SE274590_00005_100_100,http://dd.eionet.europa.eu/vocabulary/aq/pollutant/5,2020-04-23T01:00:00,,EPSG:4979,11.956772,57.69370599951541,11.5,automatic,traffic,urban,yes,http://dd.eionet.europa.eu/vocabulary/aq/measurementequipment/TEOM1400AB,3,6.8,"6""",Göteborg Övre Husargatan
SE_5_71561,SPO-SE274652_00005_100,"""SE",http://dd.eionet.europa.eu/vocabulary/aq/timezone/UTC+01,SE.NV.AQ,NET-SE0004C,STA-SE274652,E274652,274652,SPP-SE274652_00005_100_100,SPO_F-SE274652_00005_100_100,http://dd.eionet.europa.eu/vocabulary/aq/pollutant/5,2021-01-01T01:00:00,,EPSG:4979,17.949741,59.43363999953031,23.0,automatic,traffic,urban,yes,http://dd.eionet.europa.eu/vocabulary/aq/measurementequipment/GRIMM-EDM180,3,11,"8""",Sollentuna Sollentunavägen 192
SE_5_71562,SPO-SE0117A_00005_101,"""SE",http://dd.eionet.europa.eu/vocabulary/aq/timezone/UTC+01,SE.NV.AQ,NET-SE0004C,STA-SE0117A,SE0117A,34048,SPP-SE0117A_00005_101_100,SPO_F-SE0117A_00005_101_100,http://dd.eionet.europa.eu/vocabulary/aq/pollutant/5,2021-01-01T01:00:00,,EPSG:4979,18.303565000000003,57.63692799951495,44.0,automatic,traffic,urban,yes,http://dd.eionet.europa.eu/vocabulary/aq/measurementequipment/FIDAS200,3,4,"3""",Visby Österväg 17
SE_5_71563,SPO-SE301757_00005_100,"""SE",http://dd.eionet.europa.eu/vocabulary/aq/timezone/UTC+01,SE.NV.AQ,NET-SE0004C,STA-SE301757,E301757,301757,SPP-SE301757_00005_100_100,SPO_F-SE301757_00005_100_100,http://dd.eionet.europa.eu/vocabulary/aq/pollutant/5,2021-02-05T01:00:00,,EPSG:4979,17.976278,59.36425999952968,32.0,automatic,traffic,urban,yes,http://dd.eionet.europa.eu/vocabulary/aq/measurementequipment/GRIMM-EDM180MC,3,4,"1""",Sundbyberg Tulegatan 9
SE_5_71603,SPO-SE312888_00005_100,"""SE",http://dd.eionet.europa.eu/vocabulary/aq/timezone/UTC+01,SE.NV.AQ,NET-SE0009C,STA-SE312888,E312888,312888,SPP-SE312888_00005_100_100,SPO_F-SE312888_00005_100_100,http://dd.eionet.europa.eu/vocabulary/aq/pollutant/5,2021-01-01T01:00:00,2021-12-31T01:00:00,EPSG:4979,15.209163,60.14931799953693,155.0,automatic,traffic,urban,yes,http://dd.eionet.europa.eu/vocabulary/aq/measurementequipment/FIDAS200,3,11,"7""",Ludvika Gamla Bangatan
SE_5_71604,SPO-SE313140_00005_100,"""SE",http://dd.eionet.europa.eu/vocabulary/aq/timezone/UTC+01,SE.NV.AQ,NET-SE0012C,STA-SE313140,E313140,313140,SPP-SE313140_00005_100_100,SPO_F-SE313140_00005_100_100,http://dd.eionet.europa.eu/vocabulary/aq/pollutant/5,2021-01-26T01:00:00,,EPSG:4979,18.717487,63.29184299956942,17.5,automatic,traffic,urban,yes,http://dd.eionet.europa.eu/vocabulary/aq/measurementequipment/FIDAS200S,2.5,6,"4""",Örnsköldsvik Centralesplanaden - Nygatan 24
SE_5_71608,SPO-SE155530_00005_101,"""SE",http://dd.eionet.europa.eu/vocabulary/aq/timezone/UTC+01,SE.NV.AQ,NET-SE0003C,STA-SE155530,E155530,155530,SPP-SE155530_00005_101_100,SPO_F-SE155530_00005_101_100,http://dd.eionet.europa.eu/vocabulary/aq/pollutant/5,2020-07-01T01:00:00,2020-08-14T01:00:00,EPSG:4979,16.55046,59.60987099953191,23.0,automatic,traffic,urban,yes,http://dd.eionet.europa.eu/vocabulary/aq/measurementequipment/opsisSM200,4,43,"13""",Västerås Melkertorget
SE_5_71637,SPO-SE313381_00005_100,"""SE",http://dd.eionet.europa.eu/vocabulary/aq/timezone/UTC+01,SE.NV.AQ,NET-SE0004C,STA-SE313381,E313381,313381,SPP-SE313381_00005_100_100,SPO_F-SE313381_00005_100_100,http://dd.eionet.europa.eu/vocabulary/aq/pollutant/5,2021-03-25T01:00:00,,EPSG:4979,18.309721,57.63992699951497,44.0,automatic,background,urban,yes,http://dd.eionet.europa.eu/vocabulary/aq/measurementequipment/FIDAS200,11,-999,"-999""",Visby Brömsebroväg 8
SE_5_74802,SPO-SE338683_00005_100,"""SE",http://dd.eionet.europa.eu/vocabulary/aq/timezone/UTC+01,SE.NV.AQ,NET-SE0004C,STA-SE338683,E338683,338683,SPP-SE338683_00005_100_100,SPO_F-SE338683_00005_100_100,http://dd.eionet.europa.eu/vocabulary/aq/pollutant/5,2022-01-01T01:00:00,,EPSG:4979,17.137639,60.676167999542,5.0,automatic,traffic,urban,yes,http://dd.eionet.europa.eu/vocabulary/aq/measurementequipment/FIDAS200E,3,5,"3.6""",Gävle Staketgatan 22
SE_5_74806,SPO-SE338685_00005_100,"""SE",http://dd.eionet.europa.eu/vocabulary/aq/timezone/UTC+01,SE.NV.AQ,NET-SE0004C,STA-SE338685,E338685,338685,SPP-SE338685_00005_100_100,SPO_F-SE338685_00005_100_100,http://dd.eionet.europa.eu/vocabulary/aq/pollutant/5,2022-01-01T01:00:00,,EPSG:4979,15.630079000000002,58.41239199952135,46.0,automatic,traffic,suburban,yes,http://dd.eionet.europa.eu/vocabulary/aq/measurementequipment/GRIMM-EDM180,3,3,"1""",Linköping Hamngatan 10
SE_5_74948,SPO-SE343956_00005_100,"""SE",http://dd.eionet.europa.eu/vocabulary/aq/timezone/UTC+01,SE.NV.AQ,NET-SE0002C,STA-SE343956,E343956,343956,SPP-SE343956_00005_100_100,,http://dd.eionet.europa.eu/vocabulary/aq/pollutant/5,EPSG:4979,,,13.490342,59.376673999529785,55.0,automatic,traffic,urban,yes,http://dd.eionet.europa.eu/vocabulary/aq/measurementequipment/opsisSM200,-999,-999,"-999""",Karlstad Jungmansgatan 8
SE_5_74963,SPO-SE344172_00005_100,"""SE",http://dd.eionet.europa.eu/vocabulary/aq/timezone/UTC+01,SE.NV.AQ,NET-SE0003C,STA-SE344172,E344172,344172,SPP-SE344172_00005_100_100,SPO_F-SE344172_00005_100_100,http://dd.eionet.europa.eu/vocabulary/aq/pollutant/5,2022-02-16T01:00:00,,EPSG:4979,16.535915999999997,59.60769899953189,30.0,automatic,traffic,urban,yes,http://dd.eionet.europa.eu/vocabulary/aq/measurementequipment/FIDAS200,4,15,"2""",Västerås Stora Gatan 78
SE_5_76714,SPO-SE344252_00005_100,"""SE",http://dd.eionet.europa.eu/vocabulary/aq/timezone/UTC+01,SE.NV.AQ,NET-SE0004C,STA-SE344252,E344252,344252,SPP-SE344252_00005_100_100,SPO_F-SE344252_00005_100_100,http://dd.eionet.europa.eu/vocabulary/aq/pollutant/5,2022-05-04T01:00:00,,EPSG:4979,18.044052,59.39386099952996,21.0,automatic,background,suburban,yes,http://dd.eionet.europa.eu/vocabulary/aq/measurementequipment/opsisSM200,4,-999,"-999""",Danderyd Mörbyskolan
SE_5_76715,SPO-SE344250_00005_100,"""SE",http://dd.eionet.europa.eu/vocabulary/aq/timezone/UTC+01,SE.NV.AQ,NET-SE0004C,STA-SE344250,E344250,344250,SPP-SE344250_00005_100_100,SPO_F-SE344250_00005_100_100,http://dd.eionet.europa.eu/vocabulary/aq/pollutant/5,2022-04-07T01:00:00,,EPSG:4979,18.042383,59.41559099953016,32.0,automatic,background,suburban,yes,http://dd.eionet.europa.eu/vocabulary/aq/measurementequipment/opsisSM200,4,-999,"-999""",Danderyd Gymnasiet
SE_5_77127,SPO-SE0005R_00005_101,"""SE",http://dd.eionet.europa.eu/vocabulary/aq/timezone/UTC+01,SE.NV.AQ,NET-SE0005C,STA-SE0005R,SE0005R,102,SPP-SE0005R_00005_101_100,SPO_F-SE0005R_00005_101_100,http://dd.eionet.europa.eu/vocabulary/aq/pollutant/5,2018-01-11T01:00:00,,EPSG:4979,15.31973,63.845496999575694,380.0,automatic,background,rural,yes,http://dd.eionet.europa.eu/vocabulary/aq/measurementequipment/GRIMM-EDM180MC,3,-999,"-999""",Bredkälen
